Workbook

Sheet Plant Head 17.08
A1: Year | B1: Total Employees | C1: I Level | D1: L Level | E1: U Level | F1: O Level | K1: U Level increase % | L1: O Level increase % | M1: U & O Level increase %
A2: 2023 | B2: =SUM(C2:F2) | C2: 318 | D2: 508 | E2: 327 | F2: 168 | K2: =E2/B2 | L2: =F2/B2 | M2: =L2+K2
A3: 2024 | B3: =SUM(C3:F3) | C3: 253 | D3: 412 | E3: 464 | F3: 192 | K3: =E3/B3 | L3: =F3/B3 | M3: =L3+K3
B4: year | C4: I Level | D4: L Level | E4: U Level | F4: O Level
B5: 2023 | C5: =C3/$B$3 | D5: 0.41 | E5: 0.25 | F5: =F3/$B$3 | G5: =SUM(C5:F5)
B6: 2024 | C6: 0.2 | D6: 0.25 | E6: 0.35 | F6: 0.2 | G6: =SUM(C6:F6)
A7: Plant Head data | B7: 2025 | C7: 0.093198992 | D7: 0.054575987 | E7: 0.46599496 | F7: 0.38623006 | G7: =SUM(C7:F7)

Sheet 2025-2026 comp
B2: Responsibility | C2: SECTION | D2: Head Count | E2: 2025 | I2: 2026 | N2: Gap
E3: I | F3: L | G3: U | H3: O | I3: I | J3: L | K3: U | L3: O | N3: I | O3: L | P3: U | Q3: O
B4: KUMAR | C4: MIXING | D4: =COUNTIFS('Name list'!$E:$E,'2025-2026 comp'!$C4) | E4: =COUNTIFS('Name list'!$I:$I,'2025-2026 comp'!E$3,'Name list'!$E:$E,'2025-2026 comp'!$C4) | F4: =COUNTIFS('Name list'!$I:$I,'2025-2026 comp'!F$3,'Name list'!$E:$E,'2025-2026 comp'!$C4) | G4: =COUNTIFS('Name list'!$I:$I,'2025-2026 comp'!G$3,'Name list'!$E:$E,'2025-2026 comp'!$C4) | H4: =COUNTIFS('Name list'!$I:$I,'2025-2026 comp'!H$3,'Name list'!$E:$E,'2025-2026 comp'!$C4) | I4: =COUNTIFS('Name list'!$Y:$Y,'2025-2026 comp'!I$3,'Name list'!$E:$E,'2025-2026 comp'!$C4) | J4: =COUNTIFS('Name list'!$Y:$Y,'2025-2026 comp'!J$3,'Name list'!$E:$E,'2025-2026 comp'!$C4) | K4: =COUNTIFS('Name list'!$Y:$Y,'2025-2026 comp'!K$3,'Name list'!$E:$E,'2025-2026 comp'!$C4) | L4: =COUNTIFS('Name list'!$Y:$Y,'2025-2026 comp'!L$3,'Name list'!$E:$E,'2025-2026 comp'!$C4) | N4: =I4-E4 | O4: =J4-F4 | P4: =K4-G4 | Q4: =L4-H4
B5: RAJESH | C5: TYRE CURING | D5: =COUNTIFS('Name list'!$E:$E,'2025-2026 comp'!$C5) | E5: =COUNTIFS('Name list'!$I:$I,'2025-2026 comp'!E$3,'Name list'!$E:$E,'2025-2026 comp'!$C5) | F5: =COUNTIFS('Name list'!$I:$I,'2025-2026 comp'!F$3,'Name list'!$E:$E,'2025-2026 comp'!$C5) | G5: =COUNTIFS('Name list'!$I:$I,'2025-2026 comp'!G$3,'Name list'!$E:$E,'2025-2026 comp'!$C5) | H5: =COUNTIFS('Name list'!$I:$I,'2025-2026 comp'!H$3,'Name list'!$E:$E,'2025-2026 comp'!$C5) | I5: =COUNTIFS('Name list'!$Y:$Y,'2025-2026 comp'!I$3,'Name list'!$E:$E,'2025-2026 comp'!$C5) | J5: =COUNTIFS('Name list'!$Y:$Y,'2025-2026 comp'!J$3,'Name list'!$E:$E,'2025-2026 comp'!$C5) | K5: =COUNTIFS('Name list'!$Y:$Y,'2025-2026 comp'!K$3,'Name list'!$E:$E,'2025-2026 comp'!$C5) | L5: =COUNTIFS('Name list'!$Y:$Y,'2025-2026 comp'!L$3,'Name list'!$E:$E,'2025-2026 comp'!$C5) | N5: =I5-E5 | O5: =J5-F5 | P5: =K5-G5 | Q5: =L5-H5
B6: ANBUNITHI | C6: SOLID TYRE | D6: =COUNTIFS('Name list'!$E:$E,'2025-2026 comp'!$C6) | E6: =COUNTIFS('Name list'!$I:$I,'2025-2026 comp'!E$3,'Name list'!$E:$E,'2025-2026 comp'!$C6) | F6: =COUNTIFS('Name list'!$I:$I,'2025-2026 comp'!F$3,'Name list'!$E:$E,'2025-2026 comp'!$C6) | G6: =COUNTIFS('Name list'!$I:$I,'2025-2026 comp'!G$3,'Name list'!$E:$E,'2025-2026 comp'!$C6) | H6: =COUNTIFS('Name list'!$I:$I,'2025-2026 comp'!H$3,'Name list'!$E:$E,'2025-2026 comp'!$C6) | I6: =COUNTIFS('Name list'!$Y:$Y,'2025-2026 comp'!I$3,'Name list'!$E:$E,'2025-2026 comp'!$C6) | J6: =COUNTIFS('Name list'!$Y:$Y,'2025-2026 comp'!J$3,'Name list'!$E:$E,'2025-2026 comp'!$C6) | K6: =COUNTIFS('Name list'!$Y:$Y,'2025-2026 comp'!K$3,'Name list'!$E:$E,'2025-2026 comp'!$C6) | L6: =COUNTIFS('Name list'!$Y:$Y,'2025-2026 comp'!L$3,'Name list'!$E:$E,'2025-2026 comp'!$C6) | N6: =I6-E6 | O6: =J6-F6 | P6: =K6-G6 | Q6: =L6-H6
B7: MANICKKAM | C7: EXTRUDER | D7: =COUNTIFS('Name list'!$E:$E,'2025-2026 comp'!$C7) | E7: =COUNTIFS('Name list'!$I:$I,'2025-2026 comp'!E$3,'Name list'!$E:$E,'2025-2026 comp'!$C7) | F7: =COUNTIFS('Name list'!$I:$I,'2025-2026 comp'!F$3,'Name list'!$E:$E,'2025-2026 comp'!$C7) | G7: =COUNTIFS('Name list'!$I:$I,'2025-2026 comp'!G$3,'Name list'!$E:$E,'2025-2026 comp'!$C7) | H7: =COUNTIFS('Name list'!$I:$I,'2025-2026 comp'!H$3,'Name list'!$E:$E,'2025-2026 comp'!$C7) | I7: =COUNTIFS('Name list'!$Y:$Y,'2025-2026 comp'!I$3,'Name list'!$E:$E,'2025-2026 comp'!$C7) | J7: =COUNTIFS('Name list'!$Y:$Y,'2025-2026 comp'!J$3,'Name list'!$E:$E,'2025-2026 comp'!$C7) | K7: =COUNTIFS('Name list'!$Y:$Y,'2025-2026 comp'!K$3,'Name list'!$E:$E,'2025-2026 comp'!$C7) | L7: =COUNTIFS('Name list'!$Y:$Y,'2025-2026 comp'!L$3,'Name list'!$E:$E,'2025-2026 comp'!$C7) | N7: =I7-E7 | O7: =J7-F7 | P7: =K7-G7 | Q7: =L7-H7
B8: MANICKKAM | C8: Extruder Cement Application | D8: =COUNTIFS('Name list'!$E:$E,'2025-2026 comp'!$C8) | E8: =COUNTIFS('Name list'!$I:$I,'2025-2026 comp'!E$3,'Name list'!$E:$E,'2025-2026 comp'!$C8) | F8: =COUNTIFS('Name list'!$I:$I,'2025-2026 comp'!F$3,'Name list'!$E:$E,'2025-2026 comp'!$C8) | G8: =COUNTIFS('Name list'!$I:$I,'2025-2026 comp'!G$3,'Name list'!$E:$E,'2025-2026 comp'!$C8) | H8: =COUNTIFS('Name list'!$I:$I,'2025-2026 comp'!H$3,'Name list'!$E:$E,'2025-2026 comp'!$C8) | I8: =COUNTIFS('Name list'!$Y:$Y,'2025-2026 comp'!I$3,'Name list'!$E:$E,'2025-2026 comp'!$C8) | J8: =COUNTIFS('Name list'!$Y:$Y,'2025-2026 comp'!J$3,'Name list'!$E:$E,'2025-2026 comp'!$C8) | K8: =COUNTIFS('Name list'!$Y:$Y,'2025-2026 comp'!K$3,'Name list'!$E:$E,'2025-2026 comp'!$C8) | L8: =COUNTIFS('Name list'!$Y:$Y,'2025-2026 comp'!L$3,'Name list'!$E:$E,'2025-2026 comp'!$C8) | N8: =I8-E8 | O8: =J8-F8 | P8: =K8-G8 | Q8: =L8-H8
B9: MANICKKAM | C9: STEELASTIC | D9: =COUNTIFS('Name list'!$E:$E,'2025-2026 comp'!$C9) | E9: =COUNTIFS('Name list'!$I:$I,'2025-2026 comp'!E$3,'Name list'!$E:$E,'2025-2026 comp'!$C9) | F9: =COUNTIFS('Name list'!$I:$I,'2025-2026 comp'!F$3,'Name list'!$E:$E,'2025-2026 comp'!$C9) | G9: =COUNTIFS('Name list'!$I:$I,'2025-2026 comp'!G$3,'Name list'!$E:$E,'2025-2026 comp'!$C9) | H9: =COUNTIFS('Name list'!$I:$I,'2025-2026 comp'!H$3,'Name list'!$E:$E,'2025-2026 comp'!$C9) | I9: =COUNTIFS('Name list'!$Y:$Y,'2025-2026 comp'!I$3,'Name list'!$E:$E,'2025-2026 comp'!$C9) | J9: =COUNTIFS('Name list'!$Y:$Y,'2025-2026 comp'!J$3,'Name list'!$E:$E,'2025-2026 comp'!$C9) | K9: =COUNTIFS('Name list'!$Y:$Y,'2025-2026 comp'!K$3,'Name list'!$E:$E,'2025-2026 comp'!$C9) | L9: =COUNTIFS('Name list'!$Y:$Y,'2025-2026 comp'!L$3,'Name list'!$E:$E,'2025-2026 comp'!$C9) | N9: =I9-E9 | O9: =J9-F9 | P9: =K9-G9 | Q9: =L9-H9
B10: SANKAR | C10: 3 ROLL-P2 | D10: =COUNTIFS('Name list'!$E:$E,'2025-2026 comp'!$C10) | E10: =COUNTIFS('Name list'!$I:$I,'2025-2026 comp'!E$3,'Name list'!$E:$E,'2025-2026 comp'!$C10) | F10: =COUNTIFS('Name list'!$I:$I,'2025-2026 comp'!F$3,'Name list'!$E:$E,'2025-2026 comp'!$C10) | G10: =COUNTIFS('Name list'!$I:$I,'2025-2026 comp'!G$3,'Name list'!$E:$E,'2025-2026 comp'!$C10) | H10: =COUNTIFS('Name list'!$I:$I,'2025-2026 comp'!H$3,'Name list'!$E:$E,'2025-2026 comp'!$C10) | I10: =COUNTIFS('Name list'!$Y:$Y,'2025-2026 comp'!I$3,'Name list'!$E:$E,'2025-2026 comp'!$C10) | J10: =COUNTIFS('Name list'!$Y:$Y,'2025-2026 comp'!J$3,'Name list'!$E:$E,'2025-2026 comp'!$C10) | K10: =COUNTIFS('Name list'!$Y:$Y,'2025-2026 comp'!K$3,'Name list'!$E:$E,'2025-2026 comp'!$C10) | L10: =COUNTIFS('Name list'!$Y:$Y,'2025-2026 comp'!L$3,'Name list'!$E:$E,'2025-2026 comp'!$C10) | N10: =I10-E10 | O10: =J10-F10 | P10: =K10-G10 | Q10: =L10-H10
B11: SANKAR | C11: 4 ROLL | D11: =COUNTIFS('Name list'!$E:$E,'2025-2026 comp'!$C11) | E11: =COUNTIFS('Name list'!$I:$I,'2025-2026 comp'!E$3,'Name list'!$E:$E,'2025-2026 comp'!$C11) | F11: =COUNTIFS('Name list'!$I:$I,'2025-2026 comp'!F$3,'Name list'!$E:$E,'2025-2026 comp'!$C11) | G11: =COUNTIFS('Name list'!$I:$I,'2025-2026 comp'!G$3,'Name list'!$E:$E,'2025-2026 comp'!$C11) | H11: =COUNTIFS('Name list'!$I:$I,'2025-2026 comp'!H$3,'Name list'!$E:$E,'2025-2026 comp'!$C11) | I11: =COUNTIFS('Name list'!$Y:$Y,'2025-2026 comp'!I$3,'Name list'!$E:$E,'2025-2026 comp'!$C11) | J11: =COUNTIFS('Name list'!$Y:$Y,'2025-2026 comp'!J$3,'Name list'!$E:$E,'2025-2026 comp'!$C11) | K11: =COUNTIFS('Name list'!$Y:$Y,'2025-2026 comp'!K$3,'Name list'!$E:$E,'2025-2026 comp'!$C11) | L11: =COUNTIFS('Name list'!$Y:$Y,'2025-2026 comp'!L$3,'Name list'!$E:$E,'2025-2026 comp'!$C11) | N11: =I11-E11 | O11: =J11-F11 | P11: =K11-G11 | Q11: =L11-H11
B12: SANKAR | C12: LINER DRESSING | D12: =COUNTIFS('Name list'!$E:$E,'2025-2026 comp'!$C12) | E12: =COUNTIFS('Name list'!$I:$I,'2025-2026 comp'!E$3,'Name list'!$E:$E,'2025-2026 comp'!$C12) | F12: =COUNTIFS('Name list'!$I:$I,'2025-2026 comp'!F$3,'Name list'!$E:$E,'2025-2026 comp'!$C12) | G12: =COUNTIFS('Name list'!$I:$I,'2025-2026 comp'!G$3,'Name list'!$E:$E,'2025-2026 comp'!$C12) | H12: =COUNTIFS('Name list'!$I:$I,'2025-2026 comp'!H$3,'Name list'!$E:$E,'2025-2026 comp'!$C12) | I12: =COUNTIFS('Name list'!$Y:$Y,'2025-2026 comp'!I$3,'Name list'!$E:$E,'2025-2026 comp'!$C12) | J12: =COUNTIFS('Name list'!$Y:$Y,'2025-2026 comp'!J$3,'Name list'!$E:$E,'2025-2026 comp'!$C12) | K12: =COUNTIFS('Name list'!$Y:$Y,'2025-2026 comp'!K$3,'Name list'!$E:$E,'2025-2026 comp'!$C12) | L12: =COUNTIFS('Name list'!$Y:$Y,'2025-2026 comp'!L$3,'Name list'!$E:$E,'2025-2026 comp'!$C12) | N12: =I12-E12 | O12: =J12-F12 | P12: =K12-G12 | Q12: =L12-H12
B13: SANKAR | C13: BEAD WINDING | D13: =COUNTIFS('Name list'!$E:$E,'2025-2026 comp'!$C13) | E13: =COUNTIFS('Name list'!$I:$I,'2025-2026 comp'!E$3,'Name list'!$E:$E,'2025-2026 comp'!$C13) | F13: =COUNTIFS('Name list'!$I:$I,'2025-2026 comp'!F$3,'Name list'!$E:$E,'2025-2026 comp'!$C13) | G13: =COUNTIFS('Name list'!$I:$I,'2025-2026 comp'!G$3,'Name list'!$E:$E,'2025-2026 comp'!$C13) | H13: =COUNTIFS('Name list'!$I:$I,'2025-2026 comp'!H$3,'Name list'!$E:$E,'2025-2026 comp'!$C13) | I13: =COUNTIFS('Name list'!$Y:$Y,'2025-2026 comp'!I$3,'Name list'!$E:$E,'2025-2026 comp'!$C13) | J13: =COUNTIFS('Name list'!$Y:$Y,'2025-2026 comp'!J$3,'Name list'!$E:$E,'2025-2026 comp'!$C13) | K13: =COUNTIFS('Name list'!$Y:$Y,'2025-2026 comp'!K$3,'Name list'!$E:$E,'2025-2026 comp'!$C13) | L13: =COUNTIFS('Name list'!$Y:$Y,'2025-2026 comp'!L$3,'Name list'!$E:$E,'2025-2026 comp'!$C13) | N13: =I13-E13 | O13: =J13-F13 | P13: =K13-G13 | Q13: =L13-H13
B14: SWAMINATHAN | C14: TYRE BUILDING-P1 | D14: =COUNTIFS('Name list'!$E:$E,'2025-2026 comp'!$C14) | E14: =COUNTIFS('Name list'!$I:$I,'2025-2026 comp'!E$3,'Name list'!$E:$E,'2025-2026 comp'!$C14) | F14: =COUNTIFS('Name list'!$I:$I,'2025-2026 comp'!F$3,'Name list'!$E:$E,'2025-2026 comp'!$C14) | G14: =COUNTIFS('Name list'!$I:$I,'2025-2026 comp'!G$3,'Name list'!$E:$E,'2025-2026 comp'!$C14) | H14: =COUNTIFS('Name list'!$I:$I,'2025-2026 comp'!H$3,'Name list'!$E:$E,'2025-2026 comp'!$C14) | I14: =COUNTIFS('Name list'!$Y:$Y,'2025-2026 comp'!I$3,'Name list'!$E:$E,'2025-2026 comp'!$C14) | J14: =COUNTIFS('Name list'!$Y:$Y,'2025-2026 comp'!J$3,'Name list'!$E:$E,'2025-2026 comp'!$C14) | K14: =COUNTIFS('Name list'!$Y:$Y,'2025-2026 comp'!K$3,'Name list'!$E:$E,'2025-2026 comp'!$C14) | L14: =COUNTIFS('Name list'!$Y:$Y,'2025-2026 comp'!L$3,'Name list'!$E:$E,'2025-2026 comp'!$C14) | N14: =I14-E14 | O14: =J14-F14 | P14: =K14-G14 | Q14: =L14-H14
B15: SWAMINATHAN | C15: BAND BUILDING-P1 | D15: =COUNTIFS('Name list'!$E:$E,'2025-2026 comp'!$C15) | E15: =COUNTIFS('Name list'!$I:$I,'2025-2026 comp'!E$3,'Name list'!$E:$E,'2025-2026 comp'!$C15) | F15: =COUNTIFS('Name list'!$I:$I,'2025-2026 comp'!F$3,'Name list'!$E:$E,'2025-2026 comp'!$C15) | G15: =COUNTIFS('Name list'!$I:$I,'2025-2026 comp'!G$3,'Name list'!$E:$E,'2025-2026 comp'!$C15) | H15: =COUNTIFS('Name list'!$I:$I,'2025-2026 comp'!H$3,'Name list'!$E:$E,'2025-2026 comp'!$C15) | I15: =COUNTIFS('Name list'!$Y:$Y,'2025-2026 comp'!I$3,'Name list'!$E:$E,'2025-2026 comp'!$C15) | J15: =COUNTIFS('Name list'!$Y:$Y,'2025-2026 comp'!J$3,'Name list'!$E:$E,'2025-2026 comp'!$C15) | K15: =COUNTIFS('Name list'!$Y:$Y,'2025-2026 comp'!K$3,'Name list'!$E:$E,'2025-2026 comp'!$C15) | L15: =COUNTIFS('Name list'!$Y:$Y,'2025-2026 comp'!L$3,'Name list'!$E:$E,'2025-2026 comp'!$C15) | N15: =I15-E15 | O15: =J15-F15 | P15: =K15-G15 | Q15: =L15-H15
... B37: FID QA Lead | C37: FID inspector QA | D37: =COUNTIFS('Name list'!$E:$E,'2025-2026 comp'!$C37) | E37: =COUNTIFS('Name list'!$I:$I,'2025-2026 comp'!E$3,'Name list'!$E:$E,'2025-2026 comp'!$C37) | F37: =COUNTIFS('Name list'!$I:$I,'2025-2026 comp'!F$3,'Name list'!$E:$E,'2025-2026 comp'!$C37) | G37: =COUNTIFS('Name list'!$I:$I,'2025-2026 comp'!G$3,'Name list'!$E:$E,'2025-2026 comp'!$C37) | H37: =COUNTIFS('Name list'!$I:$I,'2025-2026 comp'!H$3,'Name list'!$E:$E,'2025-2026 comp'!$C37) | I37: =COUNTIFS('Name list'!$Y:$Y,'2025-2026 comp'!I$3,'Name list'!$E:$E,'2025-2026 comp'!$C37) | J37: =COUNTIFS('Name list'!$Y:$Y,'2025-2026 comp'!J$3,'Name list'!$E:$E,'2025-2026 comp'!$C37) | K37: =COUNTIFS('Name list'!$Y:$Y,'2025-2026 comp'!K$3,'Name list'!$E:$E,'2025-2026 comp'!$C37) | L37: =COUNTIFS('Name list'!$Y:$Y,'2025-2026 comp'!L$3,'Name list'!$E:$E,'2025-2026 comp'!$C37) | N37: =I37-E37 | O37: =J37-F37 | P37: =K37-G37 | Q37: =L37-H37
C38: Grand Total | D38: =SUM(D4:D37) | E38: =SUM(E4:E37) | F38: =SUM(F4:F37) | G38: =SUM(G4:G37) | H38: =SUM(H4:H37) | I38: =SUM(I4:I37) | J38: =SUM(J4:J37) | K38: =SUM(K4:K37) | L38: =SUM(L4:L37)
E39: =E38/$D$38 | F39: =F38/$D$38 | G39: =G38/$D$38 | H39: =H38/$D$38 | I39: =I38/$D$38 | J39: =J38/$D$38 | K39: =K38/$D$38 | L39: =L38/$D$38
K40: =L39+K39

Sheet Abstract
B2: Responsibility | C2: SECTION | D2: Head Count | E2: 0 - 6 Days | F2: > 3 Months | G2: 2 Years | H2: > 4 Years | J2: Questionnaire Assessment | L2: Gemba evaluation | N2: Overall Assessment | P2: yet to receive
E3: I | F3: L | G3: U | H3: O | J3: Nos | K3: % | L3: Nos | M3: % | P3: Question | Q3: Gemba
B4: KUMAR | C4: MIXING | D4: =COUNTIFS('Name list'!$E:$E,Abstract!$C4) | E4: =COUNTIFS('Name list'!$Y:$Y,Abstract!E$3,'Name list'!$E:$E,Abstract!$C4) | F4: =COUNTIFS('Name list'!$Y:$Y,Abstract!F$3,'Name list'!$E:$E,Abstract!$C4) | G4: =COUNTIFS('Name list'!$Y:$Y,Abstract!G$3,'Name list'!$E:$E,Abstract!$C4) | H4: =COUNTIFS('Name list'!$Y:$Y,Abstract!H$3,'Name list'!$E:$E,Abstract!$C4) | J4: 97 | K4: =J4/D4 | L4: =COUNTIFS('Name list'!$E$3:$E$1048576,Abstract!$C4,'Name list'!$U$3:$U$1048576,">1") | M4: =L4/D4 | N4: =AVERAGE(K4,M4) | P4: 0 | Q4: =D4-L4
B5: RAJESH | C5: TYRE CURING | D5: =COUNTIFS('Name list'!$E:$E,Abstract!$C5) | E5: =COUNTIFS('Name list'!$Y:$Y,Abstract!E$3,'Name list'!$E:$E,Abstract!$C5) | F5: =COUNTIFS('Name list'!$Y:$Y,Abstract!F$3,'Name list'!$E:$E,Abstract!$C5) | G5: =COUNTIFS('Name list'!$Y:$Y,Abstract!G$3,'Name list'!$E:$E,Abstract!$C5) | H5: =COUNTIFS('Name list'!$Y:$Y,Abstract!H$3,'Name list'!$E:$E,Abstract!$C5) | J5: =COUNTIFS('Name list'!$E$3:$E$1048576,Abstract!$C5,'Name list'!$O$3:$O$1048576,">1") | K5: =J5/D5 | L5: =COUNTIFS('Name list'!$E$3:$E$1048576,Abstract!$C5,'Name list'!$U$3:$U$1048576,">1") | M5: =L5/D5 | N5: =AVERAGE(K5,M5) | P5: =D5-J5 | Q5: =D5-L5 | R5: =E5/$D$5 | S5: =F5/$D$5 | T5: =G5/$D$5 | U5: =H5/$D$5
B6: ANBUNITHI | C6: SOLID TYRE | D6: =COUNTIFS('Name list'!$E:$E,Abstract!$C6) | E6: =COUNTIFS('Name list'!$Y:$Y,Abstract!E$3,'Name list'!$E:$E,Abstract!$C6) | F6: =COUNTIFS('Name list'!$Y:$Y,Abstract!F$3,'Name list'!$E:$E,Abstract!$C6) | G6: =COUNTIFS('Name list'!$Y:$Y,Abstract!G$3,'Name list'!$E:$E,Abstract!$C6) | H6: =COUNTIFS('Name list'!$Y:$Y,Abstract!H$3,'Name list'!$E:$E,Abstract!$C6) | J6: =COUNTIFS('Name list'!$E$3:$E$1048576,Abstract!$C6,'Name list'!$O$3:$O$1048576,">1") | K6: =J6/D6 | L6: =COUNTIFS('Name list'!$E$3:$E$1048576,Abstract!$C6,'Name list'!$U$3:$U$1048576,">1") | M6: =L6/D6 | N6: =AVERAGE(K6,M6) | P6: =D6-J6 | Q6: =D6-L6
B7: MANICKKAM | C7: EXTRUDER | D7: =COUNTIFS('Name list'!$E:$E,Abstract!$C7) | E7: =COUNTIFS('Name list'!$Y:$Y,Abstract!E$3,'Name list'!$E:$E,Abstract!$C7) | F7: =COUNTIFS('Name list'!$Y:$Y,Abstract!F$3,'Name list'!$E:$E,Abstract!$C7) | G7: =COUNTIFS('Name list'!$Y:$Y,Abstract!G$3,'Name list'!$E:$E,Abstract!$C7) | H7: =COUNTIFS('Name list'!$Y:$Y,Abstract!H$3,'Name list'!$E:$E,Abstract!$C7) | J7: =COUNTIFS('Name list'!$E$3:$E$1048576,Abstract!$C7,'Name list'!$O$3:$O$1048576,">1") | K7: =J7/D7 | L7: =COUNTIFS('Name list'!$E$3:$E$1048576,Abstract!$C7,'Name list'!$U$3:$U$1048576,">1") | M7: =L7/D7 | N7: =AVERAGE(K7,M7) | P7: =D7-J7 | Q7: =D7-L7
B8: MANICKKAM | C8: STEELASTIC | D8: =COUNTIFS('Name list'!$E:$E,Abstract!$C8) | E8: =COUNTIFS('Name list'!$Y:$Y,Abstract!E$3,'Name list'!$E:$E,Abstract!$C8) | F8: =COUNTIFS('Name list'!$Y:$Y,Abstract!F$3,'Name list'!$E:$E,Abstract!$C8) | G8: =COUNTIFS('Name list'!$Y:$Y,Abstract!G$3,'Name list'!$E:$E,Abstract!$C8) | H8: =COUNTIFS('Name list'!$Y:$Y,Abstract!H$3,'Name list'!$E:$E,Abstract!$C8) | J8: =COUNTIFS('Name list'!$E$3:$E$1048576,Abstract!$C8,'Name list'!$O$3:$O$1048576,">1") | K8: =J8/D8 | L8: =COUNTIFS('Name list'!$E$3:$E$1048576,Abstract!$C8,'Name list'!$U$3:$U$1048576,">1") | M8: =L8/D8 | N8: =AVERAGE(K8,M8) | P8: =D8-J8 | Q8: =D8-L8
B9: SANKAR | C9: 3 ROLL-P2 | D9: =COUNTIFS('Name list'!$E:$E,Abstract!$C9) | E9: =COUNTIFS('Name list'!$Y:$Y,Abstract!E$3,'Name list'!$E:$E,Abstract!$C9) | F9: =COUNTIFS('Name list'!$Y:$Y,Abstract!F$3,'Name list'!$E:$E,Abstract!$C9) | G9: =COUNTIFS('Name list'!$Y:$Y,Abstract!G$3,'Name list'!$E:$E,Abstract!$C9) | H9: =COUNTIFS('Name list'!$Y:$Y,Abstract!H$3,'Name list'!$E:$E,Abstract!$C9) | J9: =COUNTIFS('Name list'!$E$3:$E$1048576,Abstract!$C9,'Name list'!$O$3:$O$1048576,">1") | K9: =J9/D9 | L9: =COUNTIFS('Name list'!$E$3:$E$1048576,Abstract!$C9,'Name list'!$U$3:$U$1048576,">1") | M9: =L9/D9 | N9: =AVERAGE(K9,M9) | P9: =D9-J9 | Q9: =D9-L9
B10: SANKAR | C10: 4 ROLL | D10: =COUNTIFS('Name list'!$E:$E,Abstract!$C10) | E10: =COUNTIFS('Name list'!$Y:$Y,Abstract!E$3,'Name list'!$E:$E,Abstract!$C10) | F10: =COUNTIFS('Name list'!$Y:$Y,Abstract!F$3,'Name list'!$E:$E,Abstract!$C10) | G10: =COUNTIFS('Name list'!$Y:$Y,Abstract!G$3,'Name list'!$E:$E,Abstract!$C10) | H10: =COUNTIFS('Name list'!$Y:$Y,Abstract!H$3,'Name list'!$E:$E,Abstract!$C10) | J10: =COUNTIFS('Name list'!$E$3:$E$1048576,Abstract!$C10,'Name list'!$O$3:$O$1048576,">1") | K10: =J10/D10 | L10: =COUNTIFS('Name list'!$E$3:$E$1048576,Abstract!$C10,'Name list'!$U$3:$U$1048576,">1") | M10: =L10/D10 | N10: =AVERAGE(K10,M10) | P10: =D10-J10 | Q10: =D10-L10
B11: SANKAR | C11: LINER DRESSING | D11: =COUNTIFS('Name list'!$E:$E,Abstract!$C11) | E11: =COUNTIFS('Name list'!$Y:$Y,Abstract!E$3,'Name list'!$E:$E,Abstract!$C11) | F11: =COUNTIFS('Name list'!$Y:$Y,Abstract!F$3,'Name list'!$E:$E,Abstract!$C11) | G11: =COUNTIFS('Name list'!$Y:$Y,Abstract!G$3,'Name list'!$E:$E,Abstract!$C11) | H11: =COUNTIFS('Name list'!$Y:$Y,Abstract!H$3,'Name list'!$E:$E,Abstract!$C11) | J11: =COUNTIFS('Name list'!$E$3:$E$1048576,Abstract!$C11,'Name list'!$O$3:$O$1048576,">1") | K11: =J11/D11 | L11: =COUNTIFS('Name list'!$E$3:$E$1048576,Abstract!$C11,'Name list'!$U$3:$U$1048576,">1") | M11: =L11/D11 | N11: =AVERAGE(K11,M11) | P11: =D11-J11 | Q11: =D11-L11
B12: SANKAR | C12: BEAD WINDING | D12: =COUNTIFS('Name list'!$E:$E,Abstract!$C12) | E12: =COUNTIFS('Name list'!$Y:$Y,Abstract!E$3,'Name list'!$E:$E,Abstract!$C12) | F12: =COUNTIFS('Name list'!$Y:$Y,Abstract!F$3,'Name list'!$E:$E,Abstract!$C12) | G12: =COUNTIFS('Name list'!$Y:$Y,Abstract!G$3,'Name list'!$E:$E,Abstract!$C12) | H12: =COUNTIFS('Name list'!$Y:$Y,Abstract!H$3,'Name list'!$E:$E,Abstract!$C12) | J12: =COUNTIFS('Name list'!$E$3:$E$1048576,Abstract!$C12,'Name list'!$O$3:$O$1048576,">1") | K12: =J12/D12 | L12: =COUNTIFS('Name list'!$E$3:$E$1048576,Abstract!$C12,'Name list'!$U$3:$U$1048576,">1") | M12: =L12/D12 | N12: =AVERAGE(K12,M12) | P12: =D12-J12 | Q12: =D12-L12
B13: SWAMINATHAN | C13: TYRE BUILDING-P1 | D13: =COUNTIFS('Name list'!$E:$E,Abstract!$C13) | E13: =COUNTIFS('Name list'!$Y:$Y,Abstract!E$3,'Name list'!$E:$E,Abstract!$C13) | F13: =COUNTIFS('Name list'!$Y:$Y,Abstract!F$3,'Name list'!$E:$E,Abstract!$C13) | G13: =COUNTIFS('Name list'!$Y:$Y,Abstract!G$3,'Name list'!$E:$E,Abstract!$C13) | H13: =COUNTIFS('Name list'!$Y:$Y,Abstract!H$3,'Name list'!$E:$E,Abstract!$C13) | J13: =COUNTIFS('Name list'!$E$3:$E$1048576,Abstract!$C13,'Name list'!$O$3:$O$1048576,">1") | K13: =J13/D13 | L13: =COUNTIFS('Name list'!$E$3:$E$1048576,Abstract!$C13,'Name list'!$U$3:$U$1048576,">1") | M13: =L13/D13 | N13: =AVERAGE(K13,M13) | P13: =D13-J13 | Q13: =D13-L13
B14: SWAMINATHAN | C14: BAND BUILDING-P1 | D14: =COUNTIFS('Name list'!$E:$E,Abstract!$C14) | E14: =COUNTIFS('Name list'!$Y:$Y,Abstract!E$3,'Name list'!$E:$E,Abstract!$C14) | F14: =COUNTIFS('Name list'!$Y:$Y,Abstract!F$3,'Name list'!$E:$E,Abstract!$C14) | G14: =COUNTIFS('Name list'!$Y:$Y,Abstract!G$3,'Name list'!$E:$E,Abstract!$C14) | H14: =COUNTIFS('Name list'!$Y:$Y,Abstract!H$3,'Name list'!$E:$E,Abstract!$C14) | J14: =COUNTIFS('Name list'!$E$3:$E$1048576,Abstract!$C14,'Name list'!$O$3:$O$1048576,">1") | K14: =J14/D14 | L14: =COUNTIFS('Name list'!$E$3:$E$1048576,Abstract!$C14,'Name list'!$U$3:$U$1048576,">1") | M14: =L14/D14 | N14: =AVERAGE(K14,M14) | P14: =D14-J14 | Q14: =D14-L14
B15: SWAMINATHAN | C15: BIAS CUTTING-2 | D15: =COUNTIFS('Name list'!$E:$E,Abstract!$C15) | E15: =COUNTIFS('Name list'!$Y:$Y,Abstract!E$3,'Name list'!$E:$E,Abstract!$C15) | F15: =COUNTIFS('Name list'!$Y:$Y,Abstract!F$3,'Name list'!$E:$E,Abstract!$C15) | G15: =COUNTIFS('Name list'!$Y:$Y,Abstract!G$3,'Name list'!$E:$E,Abstract!$C15) | H15: =COUNTIFS('Name list'!$Y:$Y,Abstract!H$3,'Name list'!$E:$E,Abstract!$C15) | J15: =COUNTIFS('Name list'!$E$3:$E$1048576,Abstract!$C15,'Name list'!$O$3:$O$1048576,">1") | K15: =J15/D15 | L15: =COUNTIFS('Name list'!$E$3:$E$1048576,Abstract!$C15,'Name list'!$U$3:$U$1048576,">1") | M15: =L15/D15 | N15: =AVERAGE(K15,M15) | P15: =D15-J15 | Q15: =D15-L15
B16: SWAMINATHAN | C16: RADIAL MARANGONI | D16: =COUNTIFS('Name list'!$E:$E,Abstract!$C16) | E16: =COUNTIFS('Name list'!$Y:$Y,Abstract!E$3,'Name list'!$E:$E,Abstract!$C16) | F16: =COUNTIFS('Name list'!$Y:$Y,Abstract!F$3,'Name list'!$E:$E,Abstract!$C16) | G16: =COUNTIFS('Name list'!$Y:$Y,Abstract!G$3,'Name list'!$E:$E,Abstract!$C16) | H16: =COUNTIFS('Name list'!$Y:$Y,Abstract!H$3,'Name list'!$E:$E,Abstract!$C16) | J16: =COUNTIFS('Name list'!$E$3:$E$1048576,Abstract!$C16,'Name list'!$O$3:$O$1048576,">1") | K16: =J16/D16 | L16: =COUNTIFS('Name list'!$E$3:$E$1048576,Abstract!$C16,'Name list'!$U$3:$U$1048576,">1") | M16: =L16/D16 | N16: =AVERAGE(K16,M16) | P16: =D16-J16 | Q16: =D16-L16
B17: SWAMINATHAN | C17: SLITTING | D17: =COUNTIFS('Name list'!$E:$E,Abstract!$C17) | E17: =COUNTIFS('Name list'!$Y:$Y,Abstract!E$3,'Name list'!$E:$E,Abstract!$C17) | F17: =COUNTIFS('Name list'!$Y:$Y,Abstract!F$3,'Name list'!$E:$E,Abstract!$C17) | G17: =COUNTIFS('Name list'!$Y:$Y,Abstract!G$3,'Name list'!$E:$E,Abstract!$C17) | H17: =COUNTIFS('Name list'!$Y:$Y,Abstract!H$3,'Name list'!$E:$E,Abstract!$C17) | J17: =COUNTIFS('Name list'!$E$3:$E$1048576,Abstract!$C17,'Name list'!$O$3:$O$1048576,">1") | K17: =J17/D17 | L17: =COUNTIFS('Name list'!$E$3:$E$1048576,Abstract!$C17,'Name list'!$U$3:$U$1048576,">1") | M17: =L17/D17 | N17: =AVERAGE(K17,M17) | P17: =D17-J17 | Q17: =D17-L17
... B36: FID QA Lead | C36: FID inspector QA | D36: =COUNTIFS('Name list'!$E:$E,Abstract!$C36) | E36: =COUNTIFS('Name list'!$Y:$Y,Abstract!E$3,'Name list'!$E:$E,Abstract!$C36) | F36: =COUNTIFS('Name list'!$Y:$Y,Abstract!F$3,'Name list'!$E:$E,Abstract!$C36) | G36: =COUNTIFS('Name list'!$Y:$Y,Abstract!G$3,'Name list'!$E:$E,Abstract!$C36) | H36: =COUNTIFS('Name list'!$Y:$Y,Abstract!H$3,'Name list'!$E:$E,Abstract!$C36) | J36: =COUNTIFS('Name list'!$E$3:$E$1048576,Abstract!$C36,'Name list'!$O$3:$O$1048576,">1") | K36: =J36/D36 | L36: =COUNTIFS('Name list'!$E$3:$E$1048576,Abstract!$C36,'Name list'!$U$3:$U$1048576,">1") | M36: =L36/D36 | N36: =AVERAGE(K36,M36) | P36: =D36-J36 | Q36: =D36-L36
C37: Grand Total | D37: =SUM(D4:D36) | E37: =SUM(E4:E36) | F37: =SUM(F4:F36) | G37: =SUM(G4:G36) | H37: =SUM(H4:H36) | J37: =SUM(J4:J36) | K37: =AVERAGE(K4:K36) | L37: =SUM(L4:L36) | M37: =AVERAGE(M4:M36) | N37: =AVERAGE(N4:N36) | P37: =SUM(P4:P36) | Q37: =SUM(Q4:Q36)
E38: =E37/$D$37 | F38: =F37/$D$37 | G38: =G37/$D$37 | H38: =H37/$D$37
G39: =H38+G38

Sheet Name list
J1: Quest | S1: Gemba
B2: EMP NO | C2: NAME | D2: DEPT | E2: SECTION | F2: DOJ | G2: Exp | H2: Eligible skill level | I2: Current skill level 2025 | J2: Safety | K2: Process | L2: Quality | M2: CI & TPM | N2: System | O2: Knowledge Mark | P2: Knowledge % | Q2: Result | S2: Safety/ 5S | T2: SOP's/ WI CHECK | U2: Skill Assessment Mark | V2: Skill Assessment % | W2: Result | X2: Overall Result | Y2: After evaluation Skill level | Z2: recheck
A3: =ROW()-2 | B3: 900118 | C3: AROCKIA SAMY A | D3: PRODUCTION | E3: 4 ROLL | F3: 40634 | G3: =NOW()-F3 | H3: O | I3: O | J3: 9 | K3: 7 | L3: 4 | M3: 8 | O3: =SUM(J3:N3) | P3: =O3/IF(H3="L",20,IF(H3="U",30,IF(H3="O",40,IF(H3="I",20,"")))) | Q3: =IF(AND(H3="L", P3>=50%), "Pass", IF(AND(H3="U", P3>=60%), "Pass", IF(AND(H3="O", P3>=75%), "Pass", "Fail"))) | S3: 16 | T3: 12 | U3: =SUM(S3:T3) | V3: =U3/IF(H3="L",35,IF(H3="U",35,IF(H3="O",35,IF(H3="I",35,"")))) | W3: =IF(AND(H3="L", V3>=50%), "Pass", IF(AND(H3="U", V3>=60%), "Pass", IF(AND(H3="O", V3>=75%), "Pass", "Fail"))) | X3: =IF(AND(Q3="Pass", W3="Pass"), "Pass", "Fail") | Y3: =IF($X3="Pass",$H3, IF(H3="L","I", IF(H3="U","L", IF(H3="O","U", "I"))))
A4: =ROW()-2 | B4: 901128 | C4: MURUGAN M | D4: PRODUCTION | E4: MIXING | F4: 40260 | G4: =NOW()-F4 | H4: O | I4: U | J4: NIL | P4: =O4/IF(H4="L",20,IF(H4="U",30,IF(H4="O",40,IF(H4="I",20,"")))) | Q4: =IF(AND(H4="L", P4>=50%), "Pass", IF(AND(H4="U", P4>=60%), "Pass", IF(AND(H4="O", P4>=75%), "Pass", "Fail"))) | S4: 12 | T4: 10 | U4: =SUM(S4:T4) | V4: =U4/IF(H4="L",35,IF(H4="U",35,IF(H4="O",35,IF(H4="I",35,"")))) | W4: =IF(AND(H4="L", V4>=50%), "Pass", IF(AND(H4="U", V4>=60%), "Pass", IF(AND(H4="O", V4>=75%), "Pass", "Fail"))) | X4: =IF(AND(Q4="Pass", W4="Pass"), "Pass", "Fail") | Y4: =IF($X4="Pass",$H4, IF(H4="L","I", IF(H4="U","L", IF(H4="O","U", "I"))))
A5: =ROW()-2 | B5: SK1673 | C5: PANDARAM S | D5: PRODUCTION | E5: TYRE BUILDING-P1 | F5: 40496 | G5: =NOW()-F5 | H5: O | I5: U | J5: 10 | K5: 9 | L5: 9 | M5: 6 | O5: =SUM(J5:N5) | P5: =O5/IF(H5="L",20,IF(H5="U",30,IF(H5="O",40,IF(H5="I",20,"")))) | Q5: =IF(AND(H5="L", P5>=50%), "Pass", IF(AND(H5="U", P5>=60%), "Pass", IF(AND(H5="O", P5>=75%), "Pass", "Fail"))) | S5: 14 | T5: 15 | U5: =SUM(S5:T5) | V5: =U5/IF(H5="L",35,IF(H5="U",35,IF(H5="O",35,IF(H5="I",35,"")))) | W5: =IF(AND(H5="L", V5>=50%), "Pass", IF(AND(H5="U", V5>=60%), "Pass", IF(AND(H5="O", V5>=75%), "Pass", "Fail"))) | X5: =IF(AND(Q5="Pass", W5="Pass"), "Pass", "Fail") | Y5: =IF($X5="Pass",$H5, IF(H5="L","I", IF(H5="U","L", IF(H5="O","U", "I"))))
A6: =ROW()-2 | B6: 900742 | C6: SELVARAJ S | D6: PRODUCTION | E6: MIXING | F6: 40610 | G6: =NOW()-F6 | H6: O | I6: U | J6: NIL | P6: =O6/IF(H6="L",20,IF(H6="U",30,IF(H6="O",40,IF(H6="I",20,"")))) | Q6: =IF(AND(H6="L", P6>=50%), "Pass", IF(AND(H6="U", P6>=60%), "Pass", IF(AND(H6="O", P6>=75%), "Pass", "Fail"))) | S6: 13 | T6: 12 | U6: =SUM(S6:T6) | V6: =U6/IF(H6="L",35,IF(H6="U",35,IF(H6="O",35,IF(H6="I",35,"")))) | W6: =IF(AND(H6="L", V6>=50%), "Pass", IF(AND(H6="U", V6>=60%), "Pass", IF(AND(H6="O", V6>=75%), "Pass", "Fail"))) | X6: =IF(AND(Q6="Pass", W6="Pass"), "Pass", "Fail") | Y6: =IF($X6="Pass",$H6, IF(H6="L","I", IF(H6="U","L", IF(H6="O","U", "I"))))
A7: =ROW()-2 | B7: 900119 | C7: CHINNA DURAI S | D7: PRODUCTION | E7: 4 ROLL | F7: 40634 | G7: =NOW()-F7 | H7: O | I7: O | J7: 9 | K7: 8 | L7: 7 | M7: 7 | O7: =SUM(J7:N7) | P7: =O7/IF(H7="L",20,IF(H7="U",30,IF(H7="O",40,IF(H7="I",20,"")))) | Q7: =IF(AND(H7="L", P7>=50%), "Pass", IF(AND(H7="U", P7>=60%), "Pass", IF(AND(H7="O", P7>=75%), "Pass", "Fail"))) | S7: 16 | T7: 12 | U7: =SUM(S7:T7) | V7: =U7/IF(H7="L",35,IF(H7="U",35,IF(H7="O",35,IF(H7="I",35,"")))) | W7: =IF(AND(H7="L", V7>=50%), "Pass", IF(AND(H7="U", V7>=60%), "Pass", IF(AND(H7="O", V7>=75%), "Pass", "Fail"))) | X7: =IF(AND(Q7="Pass", W7="Pass"), "Pass", "Fail") | Y7: =IF($X7="Pass",$H7, IF(H7="L","I", IF(H7="U","L", IF(H7="O","U", "I"))))
A8: =ROW()-2 | B8: 900120 | C8: SANKARA PANDIAN S | D8: PRODUCTION | E8: 4 ROLL | F8: 40634 | G8: =NOW()-F8 | H8: O | I8: O | J8: 9 | K8: 7 | L8: 8 | M8: 8 | O8: =SUM(J8:N8) | P8: =O8/IF(H8="L",20,IF(H8="U",30,IF(H8="O",40,IF(H8="I",20,"")))) | Q8: =IF(AND(H8="L", P8>=50%), "Pass", IF(AND(H8="U", P8>=60%), "Pass", IF(AND(H8="O", P8>=75%), "Pass", "Fail"))) | S8: 14 | T8: 8 | U8: =SUM(S8:T8) | V8: =U8/IF(H8="L",35,IF(H8="U",35,IF(H8="O",35,IF(H8="I",35,"")))) | W8: =IF(AND(H8="L", V8>=50%), "Pass", IF(AND(H8="U", V8>=60%), "Pass", IF(AND(H8="O", V8>=75%), "Pass", "Fail"))) | X8: =IF(AND(Q8="Pass", W8="Pass"), "Pass", "Fail") | Y8: =IF($X8="Pass",$H8, IF(H8="L","I", IF(H8="U","L", IF(H8="O","U", "I"))))
A9: =ROW()-2 | B9: 900121 | C9: SUNIL KUMAR SINGH | D9: PRODUCTION | E9: 3 ROLL-P2 | F9: 40634 | G9: =NOW()-F9 | H9: O | I9: U | J9: 6 | K9: 7 | L9: 5 | M9: 7 | O9: =SUM(J9:N9) | P9: =O9/IF(H9="L",20,IF(H9="U",30,IF(H9="O",40,IF(H9="I",20,"")))) | Q9: =IF(AND(H9="L", P9>=50%), "Pass", IF(AND(H9="U", P9>=60%), "Pass", IF(AND(H9="O", P9>=75%), "Pass", "Fail"))) | S9: 15 | T9: 11 | U9: =SUM(S9:T9) | V9: =U9/IF(H9="L",35,IF(H9="U",35,IF(H9="O",35,IF(H9="I",35,"")))) | W9: =IF(AND(H9="L", V9>=50%), "Pass", IF(AND(H9="U", V9>=60%), "Pass", IF(AND(H9="O", V9>=75%), "Pass", "Fail"))) | X9: =IF(AND(Q9="Pass", W9="Pass"), "Pass", "Fail") | Y9: =IF($X9="Pass",$H9, IF(H9="L","I", IF(H9="U","L", IF(H9="O","U", "I"))))
A10: =ROW()-2 | B10: 900122 | C10: MUTHUKUTTI A | D10: PRODUCTION | E10: 4 ROLL | F10: 40634 | G10: =NOW()-F10 | H10: O | I10: U | J10: 9 | K10: 7 | L10: 7 | M10: 8 | O10: =SUM(J10:N10) | P10: =O10/IF(H10="L",20,IF(H10="U",30,IF(H10="O",40,IF(H10="I",20,"")))) | Q10: =IF(AND(H10="L", P10>=50%), "Pass", IF(AND(H10="U", P10>=60%), "Pass", IF(AND(H10="O", P10>=75%), "Pass", "Fail"))) | S10: 13 | T10: 6 | U10: =SUM(S10:T10) | V10: =U10/IF(H10="L",35,IF(H10="U",35,IF(H10="O",35,IF(H10="I",35,"")))) | W10: =IF(AND(H10="L", V10>=50%), "Pass", IF(AND(H10="U", V10>=60%), "Pass", IF(AND(H10="O", V10>=75%), "Pass", "Fail"))) | X10: =IF(AND(Q10="Pass", W10="Pass"), "Pass", "Fail") | Y10: =IF($X10="Pass",$H10, IF(H10="L","I", IF(H10="U","L", IF(H10="O","U", "I"))))
A11: =ROW()-2 | B11: 900123 | C11: THEVENDIRAN N | D11: PRODUCTION | E11: BAND BUILDING-P1 | F11: 40634 | G11: =NOW()-F11 | H11: O | I11: U | J11: 10 | K11: 8 | L11: 9 | M11: 8 | O11: =SUM(J11:N11) | P11: =O11/IF(H11="L",20,IF(H11="U",30,IF(H11="O",40,IF(H11="I",20,"")))) | Q11: =IF(AND(H11="L", P11>=50%), "Pass", IF(AND(H11="U", P11>=60%), "Pass", IF(AND(H11="O", P11>=75%), "Pass", "Fail"))) | S11: 20 | T11: 15 | U11: =SUM(S11:T11) | V11: =U11/IF(H11="L",35,IF(H11="U",35,IF(H11="O",35,IF(H11="I",35,"")))) | W11: =IF(AND(H11="L", V11>=50%), "Pass", IF(AND(H11="U", V11>=60%), "Pass", IF(AND(H11="O", V11>=75%), "Pass", "Fail"))) | X11: =IF(AND(Q11="Pass", W11="Pass"), "Pass", "Fail") | Y11: =IF($X11="Pass",$H11, IF(H11="L","I", IF(H11="U","L", IF(H11="O","U", "I"))))
A12: =ROW()-2 | B12: 900126 | C12: ATUL KUMAR SINGH | D12: PRODUCTION | E12: BEAD WINDING | F12: 40634 | G12: =NOW()-F12 | H12: O | I12: U | J12: 8 | K12: 6 | L12: 2 | M12: 5 | O12: =SUM(J12:N12) | P12: =O12/IF(H12="L",20,IF(H12="U",30,IF(H12="O",40,IF(H12="I",20,"")))) | Q12: =IF(AND(H12="L", P12>=50%), "Pass", IF(AND(H12="U", P12>=60%), "Pass", IF(AND(H12="O", P12>=75%), "Pass", "Fail"))) | S12: 15 | T12: 11 | U12: =SUM(S12:T12) | V12: =U12/IF(H12="L",35,IF(H12="U",35,IF(H12="O",35,IF(H12="I",35,"")))) | W12: =IF(AND(H12="L", V12>=50%), "Pass", IF(AND(H12="U", V12>=60%), "Pass", IF(AND(H12="O", V12>=75%), "Pass", "Fail"))) | X12: =IF(AND(Q12="Pass", W12="Pass"), "Pass", "Fail") | Y12: =IF($X12="Pass",$H12, IF(H12="L","I", IF(H12="U","L", IF(H12="O","U", "I"))))
A13: =ROW()-2 | B13: 900127 | C13: RAJA S | D13: PRODUCTION | E13: BEAD WINDING | F13: 40634 | G13: =NOW()-F13 | H13: O | I13: O | J13: 9 | K13: 7 | L13: 4 | M13: 4 | O13: =SUM(J13:N13) | P13: =O13/IF(H13="L",20,IF(H13="U",30,IF(H13="O",40,IF(H13="I",20,"")))) | Q13: =IF(AND(H13="L", P13>=50%), "Pass", IF(AND(H13="U", P13>=60%), "Pass", IF(AND(H13="O", P13>=75%), "Pass", "Fail"))) | S13: 16 | T13: 8 | U13: =SUM(S13:T13) | V13: =U13/IF(H13="L",35,IF(H13="U",35,IF(H13="O",35,IF(H13="I",35,"")))) | W13: =IF(AND(H13="L", V13>=50%), "Pass", IF(AND(H13="U", V13>=60%), "Pass", IF(AND(H13="O", V13>=75%), "Pass", "Fail"))) | X13: =IF(AND(Q13="Pass", W13="Pass"), "Pass", "Fail") | Y13: =IF($X13="Pass",$H13, IF(H13="L","I", IF(H13="U","L", IF(H13="O","U", "I"))))
A14: =ROW()-2 | B14: 900128 | C14: DABLU KUMAR | D14: PRODUCTION | E14: BEAD WINDING | F14: 40634 | G14: =NOW()-F14 | H14: O | I14: U | J14: 7 | K14: 9 | L14: 7 | M14: 8 | O14: =SUM(J14:N14) | P14: =O14/IF(H14="L",20,IF(H14="U",30,IF(H14="O",40,IF(H14="I",20,"")))) | Q14: =IF(AND(H14="L", P14>=50%), "Pass", IF(AND(H14="U", P14>=60%), "Pass", IF(AND(H14="O", P14>=75%), "Pass", "Fail"))) | S14: 16 | T14: 12 | U14: =SUM(S14:T14) | V14: =U14/IF(H14="L",35,IF(H14="U",35,IF(H14="O",35,IF(H14="I",35,"")))) | W14: =IF(AND(H14="L", V14>=50%), "Pass", IF(AND(H14="U", V14>=60%), "Pass", IF(AND(H14="O", V14>=75%), "Pass", "Fail"))) | X14: =IF(AND(Q14="Pass", W14="Pass"), "Pass", "Fail") | Y14: =IF($X14="Pass",$H14, IF(H14="L","I", IF(H14="U","L", IF(H14="O","U", "I"))))
A15: =ROW()-2 | B15: 900129 | C15: THANGA MUTHU S | D15: PRODUCTION | E15: BIAS CUTTING-4 | F15: 40634 | G15: =NOW()-F15 | H15: O | I15: O | J15: 9 | K15: 4 | L15: 5 | M15: 5 | O15: =SUM(J15:N15) | P15: =O15/IF(H15="L",20,IF(H15="U",30,IF(H15="O",40,IF(H15="I",20,"")))) | Q15: =IF(AND(H15="L", P15>=50%), "Pass", IF(AND(H15="U", P15>=60%), "Pass", IF(AND(H15="O", P15>=75%), "Pass", "Fail"))) | S15: 18 | T15: 15 | U15: =SUM(S15:T15) | V15: =U15/IF(H15="L",35,IF(H15="U",35,IF(H15="O",35,IF(H15="I",35,"")))) | W15: =IF(AND(H15="L", V15>=50%), "Pass", IF(AND(H15="U", V15>=60%), "Pass", IF(AND(H15="O", V15>=75%), "Pass", "Fail"))) | X15: =IF(AND(Q15="Pass", W15="Pass"), "Pass", "Fail") | Y15: =IF($X15="Pass",$H15, IF(H15="L","I", IF(H15="U","L", IF(H15="O","U", "I"))))
A16: =ROW()-2 | B16: 900130 | C16: SANKAR E | D16: PRODUCTION | E16: BIAS CUTTING-2 | F16: 40634 | G16: =NOW()-F16 | H16: O | I16: O | J16: 10 | K16: 9 | L16: 1 | M16: 8 | O16: =SUM(J16:N16) | P16: =O16/IF(H16="L",20,IF(H16="U",30,IF(H16="O",40,IF(H16="I",20,"")))) | Q16: =IF(AND(H16="L", P16>=50%), "Pass", IF(AND(H16="U", P16>=60%), "Pass", IF(AND(H16="O", P16>=75%), "Pass", "Fail"))) | S16: 19 | T16: 13 | U16: =SUM(S16:T16) | V16: =U16/IF(H16="L",35,IF(H16="U",35,IF(H16="O",35,IF(H16="I",35,"")))) | W16: =IF(AND(H16="L", V16>=50%), "Pass", IF(AND(H16="U", V16>=60%), "Pass", IF(AND(H16="O", V16>=75%), "Pass", "Fail"))) | X16: =IF(AND(Q16="Pass", W16="Pass"), "Pass", "Fail") | Y16: =IF($X16="Pass",$H16, IF(H16="L","I", IF(H16="U","L", IF(H16="O","U", "I"))))
A17: =ROW()-2 | B17: 900131 | C17: ETTAPPAN D | D17: PRODUCTION | E17: BIAS CUTTING-5 | F17: 40634 | G17: =NOW()-F17 | H17: O | I17: U | J17: 10 | K17: 9 | L17: 8 | M17: 9 | O17: =SUM(J17:N17) | P17: =O17/IF(H17="L",20,IF(H17="U",30,IF(H17="O",40,IF(H17="I",20,"")))) | Q17: =IF(AND(H17="L", P17>=50%), "Pass", IF(AND(H17="U", P17>=60%), "Pass", IF(AND(H17="O", P17>=75%), "Pass", "Fail"))) | S17: 14 | T17: 11 | U17: =SUM(S17:T17) | V17: =U17/IF(H17="L",35,IF(H17="U",35,IF(H17="O",35,IF(H17="I",35,"")))) | W17: =IF(AND(H17="L", V17>=50%), "Pass", IF(AND(H17="U", V17>=60%), "Pass", IF(AND(H17="O", V17>=75%), "Pass", "Fail"))) | X17: =IF(AND(Q17="Pass", W17="Pass"), "Pass", "Fail") | Y17: =IF($X17="Pass",$H17, IF(H17="L","I", IF(H17="U","L", IF(H17="O","U", "I"))))
A18: =ROW()-2 | B18: 900132 | C18: KOMBAN M | D18: PRODUCTION | E18: BIAS CUTTING-4 | F18: 40634 | G18: =NOW()-F18 | H18: O | I18: U | J18: 9 | K18: 5 | L18: 7 | M18: 6 | O18: =SUM(J18:N18) | P18: =O18/IF(H18="L",20,IF(H18="U",30,IF(H18="O",40,IF(H18="I",20,"")))) | Q18: =IF(AND(H18="L", P18>=50%), "Pass", IF(AND(H18="U", P18>=60%), "Pass", IF(AND(H18="O", P18>=75%), "Pass", "Fail"))) | S18: 20 | T18: 15 | U18: =SUM(S18:T18) | V18: =U18/IF(H18="L",35,IF(H18="U",35,IF(H18="O",35,IF(H18="I",35,"")))) | W18: =IF(AND(H18="L", V18>=50%), "Pass", IF(AND(H18="U", V18>=60%), "Pass", IF(AND(H18="O", V18>=75%), "Pass", "Fail"))) | X18: =IF(AND(Q18="Pass", W18="Pass"), "Pass", "Fail") | Y18: =IF($X18="Pass",$H18, IF(H18="L","I", IF(H18="U","L", IF(H18="O","U", "I"))))
... A38: =ROW()-2 | B38: 900160 | C38: NALLA MADASAMY N | D38: PRODUCTION | E38: RADIAL MARANGONI | F38: 40634 | G38: =NOW()-F38 | H38: O | I38: O | J38: 9 | K38: 9 | L38: 9 | M38: 10 | O38: =SUM(J38:N38) | P38: =O38/IF(H38="L",20,IF(H38="U",30,IF(H38="O",40,IF(H38="I",20,"")))) | Q38: =IF(AND(H38="L", P38>=50%), "Pass", IF(AND(H38="U", P38>=60%), "Pass", IF(AND(H38="O", P38>=75%), "Pass", "Fail"))) | S38: 15 | T38: 12 | U38: =SUM(S38:T38) | V38: =U38/IF(H38="L",35,IF(H38="U",35,IF(H38="O",35,IF(H38="I",35,"")))) | W38: =IF(AND(H38="L", V38>=50%), "Pass", IF(AND(H38="U", V38>=60%), "Pass", IF(AND(H38="O", V38>=75%), "Pass", "Fail"))) | X38: =IF(AND(Q38="Pass", W38="Pass"), "Pass", "Fail") | Y38: =IF($X38="Pass",$H38, IF(H38="L","I", IF(H38="U","L", IF(H38="O","U", "I"))))
A39: =ROW()-2 | B39: 900161 | C39: MASANAM P | D39: PRODUCTION | E39: MIXING | F39: 40634 | G39: =NOW()-F39 | H39: O | I39: U | J39: NIL | P39: =O39/IF(H39="L",20,IF(H39="U",30,IF(H39="O",40,IF(H39="I",20,"")))) | Q39: =IF(AND(H39="L", P39>=50%), "Pass", IF(AND(H39="U", P39>=60%), "Pass", IF(AND(H39="O", P39>=75%), "Pass", "Fail"))) | S39: 14 | T39: 11 | U39: =SUM(S39:T39) | V39: =U39/IF(H39="L",35,IF(H39="U",35,IF(H39="O",35,IF(H39="I",35,"")))) | W39: =IF(AND(H39="L", V39>=50%), "Pass", IF(AND(H39="U", V39>=60%), "Pass", IF(AND(H39="O", V39>=75%), "Pass", "Fail"))) | X39: =IF(AND(Q39="Pass", W39="Pass"), "Pass", "Fail") | Y39: =IF($X39="Pass",$H39, IF(H39="L","I", IF(H39="U","L", IF(H39="O","U", "I"))))
A40: =ROW()-2 | B40: 900162 | C40: THIRUNAVUKKARASU A | D40: PRODUCTION | E40: MIXING | F40: 40634 | G40: =NOW()-F40 | H40: O | I40: U | J40: NIL | P40: =O40/IF(H40="L",20,IF(H40="U",30,IF(H40="O",40,IF(H40="I",20,"")))) | Q40: =IF(AND(H40="L", P40>=50%), "Pass", IF(AND(H40="U", P40>=60%), "Pass", IF(AND(H40="O", P40>=75%), "Pass", "Fail"))) | S40: 16 | T40: 12 | U40: =SUM(S40:T40) | V40: =U40/IF(H40="L",35,IF(H40="U",35,IF(H40="O",35,IF(H40="I",35,"")))) | W40: =IF(AND(H40="L", V40>=50%), "Pass", IF(AND(H40="U", V40>=60%), "Pass", IF(AND(H40="O", V40>=75%), "Pass", "Fail"))) | X40: =IF(AND(Q40="Pass", W40="Pass"), "Pass", "Fail") | Y40: =IF($X40="Pass",$H40, IF(H40="L","I", IF(H40="U","L", IF(H40="O","U", "I"))))
A41: =ROW()-2 | B41: 900163 | C41: NARAYANAN A | D41: PRODUCTION | E41: MIXING | F41: 40634 | G41: =NOW()-F41 | H41: O | I41: U | J41: NIL | P41: =O41/IF(H41="L",20,IF(H41="U",30,IF(H41="O",40,IF(H41="I",20,"")))) | Q41: =IF(AND(H41="L", P41>=50%), "Pass", IF(AND(H41="U", P41>=60%), "Pass", IF(AND(H41="O", P41>=75%), "Pass", "Fail"))) | S41: 15 | T41: 12 | U41: =SUM(S41:T41) | V41: =U41/IF(H41="L",35,IF(H41="U",35,IF(H41="O",35,IF(H41="I",35,"")))) | W41: =IF(AND(H41="L", V41>=50%), "Pass", IF(AND(H41="U", V41>=60%), "Pass", IF(AND(H41="O", V41>=75%), "Pass", "Fail"))) | X41: =IF(AND(Q41="Pass", W41="Pass"), "Pass", "Fail") | Y41: =IF($X41="Pass",$H41, IF(H41="L","I", IF(H41="U","L", IF(H41="O","U", "I"))))
A42: =ROW()-2 | B42: 900164 | C42: RAMESH T | D42: PRODUCTION | E42: MIXING | F42: 40634 | G42: =NOW()-F42 | H42: O | I42: U | J42: NIL | P42: =O42/IF(H42="L",20,IF(H42="U",30,IF(H42="O",40,IF(H42="I",20,"")))) | Q42: =IF(AND(H42="L", P42>=50%), "Pass", IF(AND(H42="U", P42>=60%), "Pass", IF(AND(H42="O", P42>=75%), "Pass", "Fail"))) | S42: 15 | T42: 11 | U42: =SUM(S42:T42) | V42: =U42/IF(H42="L",35,IF(H42="U",35,IF(H42="O",35,IF(H42="I",35,"")))) | W42: =IF(AND(H42="L", V42>=50%), "Pass", IF(AND(H42="U", V42>=60%), "Pass", IF(AND(H42="O", V42>=75%), "Pass", "Fail"))) | X42: =IF(AND(Q42="Pass", W42="Pass"), "Pass", "Fail") | Y42: =IF($X42="Pass",$H42, IF(H42="L","I", IF(H42="U","L", IF(H42="O","U", "I"))))
A43: =ROW()-2 | B43: 900165 | C43: MUTHU KUMAR G | D43: PRODUCTION | E43: 3 ROLL-P2 | F43: 40634 | G43: =NOW()-F43 | H43: O | I43: U | J43: 8 | K43: 5 | L43: 6 | M43: 8 | O43: =SUM(J43:N43) | P43: =O43/IF(H43="L",20,IF(H43="U",30,IF(H43="O",40,IF(H43="I",20,"")))) | Q43: =IF(AND(H43="L", P43>=50%), "Pass", IF(AND(H43="U", P43>=60%), "Pass", IF(AND(H43="O", P43>=75%), "Pass", "Fail"))) | S43: 15 | T43: 6 | U43: =SUM(S43:T43) | V43: =U43/IF(H43="L",35,IF(H43="U",35,IF(H43="O",35,IF(H43="I",35,"")))) | W43: =IF(AND(H43="L", V43>=50%), "Pass", IF(AND(H43="U", V43>=60%), "Pass", IF(AND(H43="O", V43>=75%), "Pass", "Fail"))) | X43: =IF(AND(Q43="Pass", W43="Pass"), "Pass", "Fail") | Y43: =IF($X43="Pass",$H43, IF(H43="L","I", IF(H43="U","L", IF(H43="O","U", "I"))))
A44: =ROW()-2 | B44: 900166 | C44: RAMESH V | D44: PRODUCTION | E44: MIXING | F44: 40634 | G44: =NOW()-F44 | H44: O | I44: U | J44: NIL | P44: =O44/IF(H44="L",20,IF(H44="U",30,IF(H44="O",40,IF(H44="I",20,"")))) | Q44: =IF(AND(H44="L", P44>=50%), "Pass", IF(AND(H44="U", P44>=60%), "Pass", IF(AND(H44="O", P44>=75%), "Pass", "Fail"))) | S44: 14 | T44: 12 | U44: =SUM(S44:T44) | V44: =U44/IF(H44="L",35,IF(H44="U",35,IF(H44="O",35,IF(H44="I",35,"")))) | W44: =IF(AND(H44="L", V44>=50%), "Pass", IF(AND(H44="U", V44>=60%), "Pass", IF(AND(H44="O", V44>=75%), "Pass", "Fail"))) | X44: =IF(AND(Q44="Pass", W44="Pass"), "Pass", "Fail") | Y44: =IF($X44="Pass",$H44, IF(H44="L","I", IF(H44="U","L", IF(H44="O","U", "I"))))
A45: =ROW()-2 | B45: 900167 | C45: PARAMASIVAN M | D45: PRODUCTION | E45: MIXING | F45: 40634 | G45: =NOW()-F45 | H45: O | I45: U | J45: NIL | P45: =O45/IF(H45="L",20,IF(H45="U",30,IF(H45="O",40,IF(H45="I",20,"")))) | Q45: =IF(AND(H45="L", P45>=50%), "Pass", IF(AND(H45="U", P45>=60%), "Pass", IF(AND(H45="O", P45>=75%), "Pass", "Fail"))) | S45: 15 | T45: 10 | U45: =SUM(S45:T45) | V45: =U45/IF(H45="L",35,IF(H45="U",35,IF(H45="O",35,IF(H45="I",35,"")))) | W45: =IF(AND(H45="L", V45>=50%), "Pass", IF(AND(H45="U", V45>=60%), "Pass", IF(AND(H45="O", V45>=75%), "Pass", "Fail"))) | X45: =IF(AND(Q45="Pass", W45="Pass"), "Pass", "Fail") | Y45: =IF($X45="Pass",$H45, IF(H45="L","I", IF(H45="U","L", IF(H45="O","U", "I"))))
A46: =ROW()-2 | B46: 900168 | C46: UGI SAMUEL Y | D46: PRODUCTION | E46: MIXING | F46: 40634 | G46: =NOW()-F46 | H46: O | I46: O | J46: NIL | P46: =O46/IF(H46="L",20,IF(H46="U",30,IF(H46="O",40,IF(H46="I",20,"")))) | Q46: =IF(AND(H46="L", P46>=50%), "Pass", IF(AND(H46="U", P46>=60%), "Pass", IF(AND(H46="O", P46>=75%), "Pass", "Fail"))) | S46: 16 | T46: 12 | U46: =SUM(S46:T46) | V46: =U46/IF(H46="L",35,IF(H46="U",35,IF(H46="O",35,IF(H46="I",35,"")))) | W46: =IF(AND(H46="L", V46>=50%), "Pass", IF(AND(H46="U", V46>=60%), "Pass", IF(AND(H46="O", V46>=75%), "Pass", "Fail"))) | X46: =IF(AND(Q46="Pass", W46="Pass"), "Pass", "Fail") | Y46: =IF($X46="Pass",$H46, IF(H46="L","I", IF(H46="U","L", IF(H46="O","U", "I"))))
A47: =ROW()-2 | B47: 900169 | C47: MARIAPPAN P | D47: PRODUCTION | E47: MIXING | F47: 40634 | G47: =NOW()-F47 | H47: O | I47: U | J47: NIL | P47: =O47/IF(H47="L",20,IF(H47="U",30,IF(H47="O",40,IF(H47="I",20,"")))) | Q47: =IF(AND(H47="L", P47>=50%), "Pass", IF(AND(H47="U", P47>=60%), "Pass", IF(AND(H47="O", P47>=75%), "Pass", "Fail"))) | S47: 16 | T47: 10 | U47: =SUM(S47:T47) | V47: =U47/IF(H47="L",35,IF(H47="U",35,IF(H47="O",35,IF(H47="I",35,"")))) | W47: =IF(AND(H47="L", V47>=50%), "Pass", IF(AND(H47="U", V47>=60%), "Pass", IF(AND(H47="O", V47>=75%), "Pass", "Fail"))) | X47: =IF(AND(Q47="Pass", W47="Pass"), "Pass", "Fail") | Y47: =IF($X47="Pass",$H47, IF(H47="L","I", IF(H47="U","L", IF(H47="O","U", "I"))))
A48: =ROW()-2 | B48: 900170 | C48: PERUMAL KRISHNAN S | D48: PRODUCTION | E48: MIXING | F48: 40634 | G48: =NOW()-F48 | H48: O | I48: U | J48: NIL | P48: =O48/IF(H48="L",20,IF(H48="U",30,IF(H48="O",40,IF(H48="I",20,"")))) | Q48: =IF(AND(H48="L", P48>=50%), "Pass", IF(AND(H48="U", P48>=60%), "Pass", IF(AND(H48="O", P48>=75%), "Pass", "Fail"))) | S48: 14 | T48: 11 | U48: =SUM(S48:T48) | V48: =U48/IF(H48="L",35,IF(H48="U",35,IF(H48="O",35,IF(H48="I",35,"")))) | W48: =IF(AND(H48="L", V48>=50%), "Pass", IF(AND(H48="U", V48>=60%), "Pass", IF(AND(H48="O", V48>=75%), "Pass", "Fail"))) | X48: =IF(AND(Q48="Pass", W48="Pass"), "Pass", "Fail") | Y48: =IF($X48="Pass",$H48, IF(H48="L","I", IF(H48="U","L", IF(H48="O","U", "I"))))
A49: =ROW()-2 | B49: 900171 | C49: JEYA KUMAR A | D49: PRODUCTION | E49: MIXING | F49: 40634 | G49: =NOW()-F49 | H49: O | I49: U | J49: NIL | P49: =O49/IF(H49="L",20,IF(H49="U",30,IF(H49="O",40,IF(H49="I",20,"")))) | Q49: =IF(AND(H49="L", P49>=50%), "Pass", IF(AND(H49="U", P49>=60%), "Pass", IF(AND(H49="O", P49>=75%), "Pass", "Fail"))) | S49: 14 | T49: 12 | U49: =SUM(S49:T49) | V49: =U49/IF(H49="L",35,IF(H49="U",35,IF(H49="O",35,IF(H49="I",35,"")))) | W49: =IF(AND(H49="L", V49>=50%), "Pass", IF(AND(H49="U", V49>=60%), "Pass", IF(AND(H49="O", V49>=75%), "Pass", "Fail"))) | X49: =IF(AND(Q49="Pass", W49="Pass"), "Pass", "Fail") | Y49: =IF($X49="Pass",$H49, IF(H49="L","I", IF(H49="U","L", IF(H49="O","U", "I"))))
A50: =ROW()-2 | B50: 900172 | C50: KANAGARAJ K | D50: PRODUCTION | E50: MIXING | F50: 40634 | G50: =NOW()-F50 | H50: O | I50: U | J50: NIL | P50: =O50/IF(H50="L",20,IF(H50="U",30,IF(H50="O",40,IF(H50="I",20,"")))) | Q50: =IF(AND(H50="L", P50>=50%), "Pass", IF(AND(H50="U", P50>=60%), "Pass", IF(AND(H50="O", P50>=75%), "Pass", "Fail"))) | S50: 16 | T50: 10 | U50: =SUM(S50:T50) | V50: =U50/IF(H50="L",35,IF(H50="U",35,IF(H50="O",35,IF(H50="I",35,"")))) | W50: =IF(AND(H50="L", V50>=50%), "Pass", IF(AND(H50="U", V50>=60%), "Pass", IF(AND(H50="O", V50>=75%), "Pass", "Fail"))) | X50: =IF(AND(Q50="Pass", W50="Pass"), "Pass", "Fail") | Y50: =IF($X50="Pass",$H50, IF(H50="L","I", IF(H50="U","L", IF(H50="O","U", "I"))))
A51: =ROW()-2 | B51: 900174 | C51: SANJAY KUMAR | D51: PRODUCTION | E51: MIXING | F51: 40634 | G51: =NOW()-F51 | H51: O | I51: U | J51: NIL | P51: =O51/IF(H51="L",20,IF(H51="U",30,IF(H51="O",40,IF(H51="I",20,"")))) | Q51: =IF(AND(H51="L", P51>=50%), "Pass", IF(AND(H51="U", P51>=60%), "Pass", IF(AND(H51="O", P51>=75%), "Pass", "Fail"))) | S51: 15 | T51: 11 | U51: =SUM(S51:T51) | V51: =U51/IF(H51="L",35,IF(H51="U",35,IF(H51="O",35,IF(H51="I",35,"")))) | W51: =IF(AND(H51="L", V51>=50%), "Pass", IF(AND(H51="U", V51>=60%), "Pass", IF(AND(H51="O", V51>=75%), "Pass", "Fail"))) | X51: =IF(AND(Q51="Pass", W51="Pass"), "Pass", "Fail") | Y51: =IF($X51="Pass",$H51, IF(H51="L","I", IF(H51="U","L", IF(H51="O","U", "I"))))
A52: =ROW()-2 | B52: 900175 | C52: RAJENDRA RAI | D52: PRODUCTION | E52: MIXING | F52: 40634 | G52: =NOW()-F52 | H52: O | I52: U | J52: NIL | P52: =O52/IF(H52="L",20,IF(H52="U",30,IF(H52="O",40,IF(H52="I",20,"")))) | Q52: =IF(AND(H52="L", P52>=50%), "Pass", IF(AND(H52="U", P52>=60%), "Pass", IF(AND(H52="O", P52>=75%), "Pass", "Fail"))) | S52: 16 | T52: 10 | U52: =SUM(S52:T52) | V52: =U52/IF(H52="L",35,IF(H52="U",35,IF(H52="O",35,IF(H52="I",35,"")))) | W52: =IF(AND(H52="L", V52>=50%), "Pass", IF(AND(H52="U", V52>=60%), "Pass", IF(AND(H52="O", V52>=75%), "Pass", "Fail"))) | X52: =IF(AND(Q52="Pass", W52="Pass"), "Pass", "Fail") | Y52: =IF($X52="Pass",$H52, IF(H52="L","I", IF(H52="U","L", IF(H52="O","U", "I"))))
A53: =ROW()-2 | B53: 900176 | C53: MUTHU RAJ G | D53: PRODUCTION | E53: MIXING | F53: 40634 | G53: =NOW()-F53 | H53: O | I53: O | J53: NIL | P53: =O53/IF(H53="L",20,IF(H53="U",30,IF(H53="O",40,IF(H53="I",20,"")))) | Q53: =IF(AND(H53="L", P53>=50%), "Pass", IF(AND(H53="U", P53>=60%), "Pass", IF(AND(H53="O", P53>=75%), "Pass", "Fail"))) | S53: 15 | T53: 12 | U53: =SUM(S53:T53) | V53: =U53/IF(H53="L",35,IF(H53="U",35,IF(H53="O",35,IF(H53="I",35,"")))) | W53: =IF(AND(H53="L", V53>=50%), "Pass", IF(AND(H53="U", V53>=60%), "Pass", IF(AND(H53="O", V53>=75%), "Pass", "Fail"))) | X53: =IF(AND(Q53="Pass", W53="Pass"), "Pass", "Fail") | Y53: =IF($X53="Pass",$H53, IF(H53="L","I", IF(H53="U","L", IF(H53="O","U", "I"))))
A54: =ROW()-2 | B54: 900177 | C54: DEEPAK KUMAR JENA N | D54: PRODUCTION | E54: MIXING | F54: 40634 | G54: =NOW()-F54 | H54: O | I54: U | J54: NIL | P54: =O54/IF(H54="L",20,IF(H54="U",30,IF(H54="O",40,IF(H54="I",20,"")))) | Q54: =IF(AND(H54="L", P54>=50%), "Pass", IF(AND(H54="U", P54>=60%), "Pass", IF(AND(H54="O", P54>=75%), "Pass", "Fail"))) | S54: 13 | T54: 11 | U54: =SUM(S54:T54) | V54: =U54/IF(H54="L",35,IF(H54="U",35,IF(H54="O",35,IF(H54="I",35,"")))) | W54: =IF(AND(H54="L", V54>=50%), "Pass", IF(AND(H54="U", V54>=60%), "Pass", IF(AND(H54="O", V54>=75%), "Pass", "Fail"))) | X54: =IF(AND(Q54="Pass", W54="Pass"), "Pass", "Fail") | Y54: =IF($X54="Pass",$H54, IF(H54="L","I", IF(H54="U","L", IF(H54="O","U", "I"))))
A55: =ROW()-2 | B55: 900178 | C55: MARI MUTHU S | D55: PRODUCTION | E55: TYRE BUILDING-P1 | F55: 40634 | G55: =NOW()-F55 | H55: O | I55: O | J55: 8 | K55: 9 | L55: 9 | M55: 9 | O55: =SUM(J55:N55) | P55: =O55/IF(H55="L",20,IF(H55="U",30,IF(H55="O",40,IF(H55="I",20,"")))) | Q55: =IF(AND(H55="L", P55>=50%), "Pass", IF(AND(H55="U", P55>=60%), "Pass", IF(AND(H55="O", P55>=75%), "Pass", "Fail"))) | S55: 17 | T55: 15 | U55: =SUM(S55:T55) | V55: =U55/IF(H55="L",35,IF(H55="U",35,IF(H55="O",35,IF(H55="I",35,"")))) | W55: =IF(AND(H55="L", V55>=50%), "Pass", IF(AND(H55="U", V55>=60%), "Pass", IF(AND(H55="O", V55>=75%), "Pass", "Fail"))) | X55: =IF(AND(Q55="Pass", W55="Pass"), "Pass", "Fail") | Y55: =IF($X55="Pass",$H55, IF(H55="L","I", IF(H55="U","L", IF(H55="O","U", "I"))))
A56: =ROW()-2 | B56: 900179 | C56: ELANGAMANI K | D56: PRODUCTION | E56: TYRE BUILDING-P2 | F56: 40634 | G56: =NOW()-F56 | H56: O | I56: O | J56: 9 | K56: 10 | L56: 6 | M56: 8 | O56: =SUM(J56:N56) | P56: =O56/IF(H56="L",20,IF(H56="U",30,IF(H56="O",40,IF(H56="I",20,"")))) | Q56: =IF(AND(H56="L", P56>=50%), "Pass", IF(AND(H56="U", P56>=60%), "Pass", IF(AND(H56="O", P56>=75%), "Pass", "Fail"))) | S56: 14 | T56: 11 | U56: =SUM(S56:T56) | V56: =U56/IF(H56="L",35,IF(H56="U",35,IF(H56="O",35,IF(H56="I",35,"")))) | W56: =IF(AND(H56="L", V56>=50%), "Pass", IF(AND(H56="U", V56>=60%), "Pass", IF(AND(H56="O", V56>=75%), "Pass", "Fail"))) | X56: =IF(AND(Q56="Pass", W56="Pass"), "Pass", "Fail") | Y56: =IF($X56="Pass",$H56, IF(H56="L","I", IF(H56="U","L", IF(H56="O","U", "I"))))
A57: =ROW()-2 | B57: 900180 | C57: MUTHU KANI S | D57: PRODUCTION | E57: TYRE BUILDING-P1 | F57: 40634 | G57: =NOW()-F57 | H57: O | I57: O | J57: 10 | K57: 10 | L57: 8 | M57: 8 | O57: =SUM(J57:N57) | P57: =O57/IF(H57="L",20,IF(H57="U",30,IF(H57="O",40,IF(H57="I",20,"")))) | Q57: =IF(AND(H57="L", P57>=50%), "Pass", IF(AND(H57="U", P57>=60%), "Pass", IF(AND(H57="O", P57>=75%), "Pass", "Fail"))) | S57: 15 | T57: 15 | U57: =SUM(S57:T57) | V57: =U57/IF(H57="L",35,IF(H57="U",35,IF(H57="O",35,IF(H57="I",35,"")))) | W57: =IF(AND(H57="L", V57>=50%), "Pass", IF(AND(H57="U", V57>=60%), "Pass", IF(AND(H57="O", V57>=75%), "Pass", "Fail"))) | X57: =IF(AND(Q57="Pass", W57="Pass"), "Pass", "Fail") | Y57: =IF($X57="Pass",$H57, IF(H57="L","I", IF(H57="U","L", IF(H57="O","U", "I"))))
A58: =ROW()-2 | B58: 900181 | C58: VALATHI RAJAN V | D58: PRODUCTION | E58: TYRE BUILDING-P2 | F58: 40634 | G58: =NOW()-F58 | H58: O | I58: O | J58: 8 | K58: 10 | L58: 7 | M58: 6 | O58: =SUM(J58:N58) | P58: =O58/IF(H58="L",20,IF(H58="U",30,IF(H58="O",40,IF(H58="I",20,"")))) | Q58: =IF(AND(H58="L", P58>=50%), "Pass", IF(AND(H58="U", P58>=60%), "Pass", IF(AND(H58="O", P58>=75%), "Pass", "Fail"))) | S58: 14 | T58: 10 | U58: =SUM(S58:T58) | V58: =U58/IF(H58="L",35,IF(H58="U",35,IF(H58="O",35,IF(H58="I",35,"")))) | W58: =IF(AND(H58="L", V58>=50%), "Pass", IF(AND(H58="U", V58>=60%), "Pass", IF(AND(H58="O", V58>=75%), "Pass", "Fail"))) | X58: =IF(AND(Q58="Pass", W58="Pass"), "Pass", "Fail") | Y58: =IF($X58="Pass",$H58, IF(H58="L","I", IF(H58="U","L", IF(H58="O","U", "I"))))
A59: =ROW()-2 | B59: 900182 | C59: PITCHIAH R | D59: PRODUCTION | E59: TYRE BUILDING-P1 | F59: 40634 | G59: =NOW()-F59 | H59: O | I59: O | J59: 10 | K59: 10 | L59: 8 | M59: 9 | O59: =SUM(J59:N59) | P59: =O59/IF(H59="L",20,IF(H59="U",30,IF(H59="O",40,IF(H59="I",20,"")))) | Q59: =IF(AND(H59="L", P59>=50%), "Pass", IF(AND(H59="U", P59>=60%), "Pass", IF(AND(H59="O", P59>=75%), "Pass", "Fail"))) | S59: 16 | T59: 15 | U59: =SUM(S59:T59) | V59: =U59/IF(H59="L",35,IF(H59="U",35,IF(H59="O",35,IF(H59="I",35,"")))) | W59: =IF(AND(H59="L", V59>=50%), "Pass", IF(AND(H59="U", V59>=60%), "Pass", IF(AND(H59="O", V59>=75%), "Pass", "Fail"))) | X59: =IF(AND(Q59="Pass", W59="Pass"), "Pass", "Fail") | Y59: =IF($X59="Pass",$H59, IF(H59="L","I", IF(H59="U","L", IF(H59="O","U", "I"))))
A60: =ROW()-2 | B60: 900183 | C60: LAKSHMANA PERUMAL S | D60: PRODUCTION | E60: TYRE BUILDING-P1 | F60: 40634 | G60: =NOW()-F60 | H60: O | I60: O | J60: 10 | K60: 10 | L60: 8 | M60: 9 | O60: =SUM(J60:N60) | P60: =O60/IF(H60="L",20,IF(H60="U",30,IF(H60="O",40,IF(H60="I",20,"")))) | Q60: =IF(AND(H60="L", P60>=50%), "Pass", IF(AND(H60="U", P60>=60%), "Pass", IF(AND(H60="O", P60>=75%), "Pass", "Fail"))) | S60: 17 | T60: 15 | U60: =SUM(S60:T60) | V60: =U60/IF(H60="L",35,IF(H60="U",35,IF(H60="O",35,IF(H60="I",35,"")))) | W60: =IF(AND(H60="L", V60>=50%), "Pass", IF(AND(H60="U", V60>=60%), "Pass", IF(AND(H60="O", V60>=75%), "Pass", "Fail"))) | X60: =IF(AND(Q60="Pass", W60="Pass"), "Pass", "Fail") | Y60: =IF($X60="Pass",$H60, IF(H60="L","I", IF(H60="U","L", IF(H60="O","U", "I"))))
A61: =ROW()-2 | B61: 900184 | C61: SANJAY KUSHWAH | D61: PRODUCTION | E61: TYRE BUILDING-P3 | F61: 40634 | G61: =NOW()-F61 | H61: O | I61: O | J61: 9 | K61: 10 | L61: 8 | M61: 9 | O61: =SUM(J61:N61) | P61: =O61/IF(H61="L",20,IF(H61="U",30,IF(H61="O",40,IF(H61="I",20,"")))) | Q61: =IF(AND(H61="L", P61>=50%), "Pass", IF(AND(H61="U", P61>=60%), "Pass", IF(AND(H61="O", P61>=75%), "Pass", "Fail"))) | S61: 17 | T61: 14 | U61: =SUM(S61:T61) | V61: =U61/IF(H61="L",35,IF(H61="U",35,IF(H61="O",35,IF(H61="I",35,"")))) | W61: =IF(AND(H61="L", V61>=50%), "Pass", IF(AND(H61="U", V61>=60%), "Pass", IF(AND(H61="O", V61>=75%), "Pass", "Fail"))) | X61: =IF(AND(Q61="Pass", W61="Pass"), "Pass", "Fail") | Y61: =IF($X61="Pass",$H61, IF(H61="L","I", IF(H61="U","L", IF(H61="O","U", "I"))))
A62: =ROW()-2 | B62: 900185 | C62: NANDALAL KUSHWAHA | D62: PRODUCTION | E62: TYRE BUILDING-P3 | F62: 40634 | G62: =NOW()-F62 | H62: O | I62: O | J62: 10 | K62: 10 | L62: 8 | M62: 9 | O62: =SUM(J62:N62) | P62: =O62/IF(H62="L",20,IF(H62="U",30,IF(H62="O",40,IF(H62="I",20,"")))) | Q62: =IF(AND(H62="L", P62>=50%), "Pass", IF(AND(H62="U", P62>=60%), "Pass", IF(AND(H62="O", P62>=75%), "Pass", "Fail"))) | S62: 18 | T62: 15 | U62: =SUM(S62:T62) | V62: =U62/IF(H62="L",35,IF(H62="U",35,IF(H62="O",35,IF(H62="I",35,"")))) | W62: =IF(AND(H62="L", V62>=50%), "Pass", IF(AND(H62="U", V62>=60%), "Pass", IF(AND(H62="O", V62>=75%), "Pass", "Fail"))) | X62: =IF(AND(Q62="Pass", W62="Pass"), "Pass", "Fail") | Y62: =IF($X62="Pass",$H62, IF(H62="L","I", IF(H62="U","L", IF(H62="O","U", "I"))))
A63: =ROW()-2 | B63: 900186 | C63: MUNNA GUPTA | D63: PRODUCTION | E63: TYRE BUILDING-P3 | F63: 40634 | G63: =NOW()-F63 | H63: O | I63: O | J63: 7 | K63: 8 | L63: 5 | M63: 5 | O63: =SUM(J63:N63) | P63: =O63/IF(H63="L",20,IF(H63="U",30,IF(H63="O",40,IF(H63="I",20,"")))) | Q63: =IF(AND(H63="L", P63>=50%), "Pass", IF(AND(H63="U", P63>=60%), "Pass", IF(AND(H63="O", P63>=75%), "Pass", "Fail"))) | S63: 17 | T63: 15 | U63: =SUM(S63:T63) | V63: =U63/IF(H63="L",35,IF(H63="U",35,IF(H63="O",35,IF(H63="I",35,"")))) | W63: =IF(AND(H63="L", V63>=50%), "Pass", IF(AND(H63="U", V63>=60%), "Pass", IF(AND(H63="O", V63>=75%), "Pass", "Fail"))) | X63: =IF(AND(Q63="Pass", W63="Pass"), "Pass", "Fail") | Y63: =IF($X63="Pass",$H63, IF(H63="L","I", IF(H63="U","L", IF(H63="O","U", "I")))) | Z63: =V63-75%
A64: =ROW()-2 | B64: 900187 | C64: RAM PRAVESH KUSHWAHA | D64: PRODUCTION | E64: TYRE BUILDING-P1 | F64: 40634 | G64: =NOW()-F64 | H64: O | I64: O | J64: 9 | K64: 8 | L64: 7 | M64: 9 | O64: =SUM(J64:N64) | P64: =O64/IF(H64="L",20,IF(H64="U",30,IF(H64="O",40,IF(H64="I",20,"")))) | Q64: =IF(AND(H64="L", P64>=50%), "Pass", IF(AND(H64="U", P64>=60%), "Pass", IF(AND(H64="O", P64>=75%), "Pass", "Fail"))) | S64: 16 | T64: 15 | U64: =SUM(S64:T64) | V64: =U64/IF(H64="L",35,IF(H64="U",35,IF(H64="O",35,IF(H64="I",35,"")))) | W64: =IF(AND(H64="L", V64>=50%), "Pass", IF(AND(H64="U", V64>=60%), "Pass", IF(AND(H64="O", V64>=75%), "Pass", "Fail"))) | X64: =IF(AND(Q64="Pass", W64="Pass"), "Pass", "Fail") | Y64: =IF($X64="Pass",$H64, IF(H64="L","I", IF(H64="U","L", IF(H64="O","U", "I"))))
A65: =ROW()-2 | B65: 900188 | C65: MUTHU RAJA P | D65: PRODUCTION | E65: TYRE CURING | F65: 40634 | G65: =NOW()-F65 | H65: O | I65: O | J65: 9 | K65: 9 | L65: 6 | M65: 6 | O65: =SUM(J65:N65) | P65: =O65/IF(H65="L",20,IF(H65="U",30,IF(H65="O",40,IF(H65="I",20,"")))) | Q65: =IF(AND(H65="L", P65>=50%), "Pass", IF(AND(H65="U", P65>=60%), "Pass", IF(AND(H65="O", P65>=75%), "Pass", "Fail"))) | S65: 12 | T65: 10 | U65: =SUM(S65:T65) | V65: =U65/IF(H65="L",35,IF(H65="U",35,IF(H65="O",35,IF(H65="I",35,"")))) | W65: =IF(AND(H65="L", V65>=50%), "Pass", IF(AND(H65="U", V65>=60%), "Pass", IF(AND(H65="O", V65>=75%), "Pass", "Fail"))) | X65: =IF(AND(Q65="Pass", W65="Pass"), "Pass", "Fail") | Y65: =IF($X65="Pass",$H65, IF(H65="L","I", IF(H65="U","L", IF(H65="O","U", "I"))))
A66: =ROW()-2 | B66: 900189 | C66: MARIVEL R | D66: PRODUCTION | E66: TYRE CURING | F66: 40634 | G66: =NOW()-F66 | H66: O | I66: O | J66: 8 | K66: 9 | L66: 8 | M66: 9 | O66: =SUM(J66:N66) | P66: =O66/IF(H66="L",20,IF(H66="U",30,IF(H66="O",40,IF(H66="I",20,"")))) | Q66: =IF(AND(H66="L", P66>=50%), "Pass", IF(AND(H66="U", P66>=60%), "Pass", IF(AND(H66="O", P66>=75%), "Pass", "Fail"))) | S66: 15 | T66: 12 | U66: =SUM(S66:T66) | V66: =U66/IF(H66="L",35,IF(H66="U",35,IF(H66="O",35,IF(H66="I",35,"")))) | W66: =IF(AND(H66="L", V66>=50%), "Pass", IF(AND(H66="U", V66>=60%), "Pass", IF(AND(H66="O", V66>=75%), "Pass", "Fail"))) | X66: =IF(AND(Q66="Pass", W66="Pass"), "Pass", "Fail") | Y66: =IF($X66="Pass",$H66, IF(H66="L","I", IF(H66="U","L", IF(H66="O","U", "I"))))
A67: =ROW()-2 | B67: 900190 | C67: SAVARIVASAN M | D67: PRODUCTION | E67: TYRE CURING | F67: 40634 | G67: =NOW()-F67 | H67: O | I67: O | J67: 6 | K67: 6 | L67: 6 | M67: 6 | O67: =SUM(J67:N67) | P67: =O67/IF(H67="L",20,IF(H67="U",30,IF(H67="O",40,IF(H67="I",20,"")))) | Q67: =IF(AND(H67="L", P67>=50%), "Pass", IF(AND(H67="U", P67>=60%), "Pass", IF(AND(H67="O", P67>=75%), "Pass", "Fail"))) | S67: 18 | T67: 13 | U67: =SUM(S67:T67) | V67: =U67/IF(H67="L",35,IF(H67="U",35,IF(H67="O",35,IF(H67="I",35,"")))) | W67: =IF(AND(H67="L", V67>=50%), "Pass", IF(AND(H67="U", V67>=60%), "Pass", IF(AND(H67="O", V67>=75%), "Pass", "Fail"))) | X67: =IF(AND(Q67="Pass", W67="Pass"), "Pass", "Fail") | Y67: =IF($X67="Pass",$H67, IF(H67="L","I", IF(H67="U","L", IF(H67="O","U", "I")))) | Z67: =V67-75%
A68: =ROW()-2 | B68: 900192 | C68: A. GNANAMURTHI | D68: PRODUCTION | E68: TYRE CURING | F68: 40634 | G68: =NOW()-F68 | H68: O | I68: O | J68: 9 | K68: 9 | L68: 8 | M68: 9 | O68: =SUM(J68:N68) | P68: =O68/IF(H68="L",20,IF(H68="U",30,IF(H68="O",40,IF(H68="I",20,"")))) | Q68: =IF(AND(H68="L", P68>=50%), "Pass", IF(AND(H68="U", P68>=60%), "Pass", IF(AND(H68="O", P68>=75%), "Pass", "Fail"))) | S68: 16 | T68: 12 | U68: =SUM(S68:T68) | V68: =U68/IF(H68="L",35,IF(H68="U",35,IF(H68="O",35,IF(H68="I",35,"")))) | W68: =IF(AND(H68="L", V68>=50%), "Pass", IF(AND(H68="U", V68>=60%), "Pass", IF(AND(H68="O", V68>=75%), "Pass", "Fail"))) | X68: =IF(AND(Q68="Pass", W68="Pass"), "Pass", "Fail") | Y68: =IF($X68="Pass",$H68, IF(H68="L","I", IF(H68="U","L", IF(H68="O","U", "I"))))
A69: =ROW()-2 | B69: 900193 | C69: PINTU TIWARI | D69: PRODUCTION | E69: TYRE CURING | F69: 40634 | G69: =NOW()-F69 | H69: O | I69: O | J69: 9 | K69: 9 | L69: 9 | M69: 9 | O69: =SUM(J69:N69) | P69: =O69/IF(H69="L",20,IF(H69="U",30,IF(H69="O",40,IF(H69="I",20,"")))) | Q69: =IF(AND(H69="L", P69>=50%), "Pass", IF(AND(H69="U", P69>=60%), "Pass", IF(AND(H69="O", P69>=75%), "Pass", "Fail"))) | S69: 13 | T69: 9 | U69: =SUM(S69:T69) | V69: =U69/IF(H69="L",35,IF(H69="U",35,IF(H69="O",35,IF(H69="I",35,"")))) | W69: =IF(AND(H69="L", V69>=50%), "Pass", IF(AND(H69="U", V69>=60%), "Pass", IF(AND(H69="O", V69>=75%), "Pass", "Fail"))) | X69: =IF(AND(Q69="Pass", W69="Pass"), "Pass", "Fail") | Y69: =IF($X69="Pass",$H69, IF(H69="L","I", IF(H69="U","L", IF(H69="O","U", "I"))))
A70: =ROW()-2 | B70: 900194 | C70: KUMAR R | D70: PRODUCTION | E70: TYRE CURING | F70: 40634 | G70: =NOW()-F70 | H70: O | I70: O | J70: 9 | K70: 9 | L70: 8 | M70: 9 | O70: =SUM(J70:N70) | P70: =O70/IF(H70="L",20,IF(H70="U",30,IF(H70="O",40,IF(H70="I",20,"")))) | Q70: =IF(AND(H70="L", P70>=50%), "Pass", IF(AND(H70="U", P70>=60%), "Pass", IF(AND(H70="O", P70>=75%), "Pass", "Fail"))) | S70: 18 | T70: 13 | U70: =SUM(S70:T70) | V70: =U70/IF(H70="L",35,IF(H70="U",35,IF(H70="O",35,IF(H70="I",35,"")))) | W70: =IF(AND(H70="L", V70>=50%), "Pass", IF(AND(H70="U", V70>=60%), "Pass", IF(AND(H70="O", V70>=75%), "Pass", "Fail"))) | X70: =IF(AND(Q70="Pass", W70="Pass"), "Pass", "Fail") | Y70: =IF($X70="Pass",$H70, IF(H70="L","I", IF(H70="U","L", IF(H70="O","U", "I"))))
A71: =ROW()-2 | B71: 900195 | C71: VINAYAGAR N | D71: PRODUCTION | E71: TYRE CURING | F71: 40634 | G71: =NOW()-F71 | H71: O | I71: O | J71: 9 | K71: 9 | L71: 9 | M71: 8 | O71: =SUM(J71:N71) | P71: =O71/IF(H71="L",20,IF(H71="U",30,IF(H71="O",40,IF(H71="I",20,"")))) | Q71: =IF(AND(H71="L", P71>=50%), "Pass", IF(AND(H71="U", P71>=60%), "Pass", IF(AND(H71="O", P71>=75%), "Pass", "Fail"))) | S71: 15 | T71: 12 | U71: =SUM(S71:T71) | V71: =U71/IF(H71="L",35,IF(H71="U",35,IF(H71="O",35,IF(H71="I",35,"")))) | W71: =IF(AND(H71="L", V71>=50%), "Pass", IF(AND(H71="U", V71>=60%), "Pass", IF(AND(H71="O", V71>=75%), "Pass", "Fail"))) | X71: =IF(AND(Q71="Pass", W71="Pass"), "Pass", "Fail") | Y71: =IF($X71="Pass",$H71, IF(H71="L","I", IF(H71="U","L", IF(H71="O","U", "I"))))
A72: =ROW()-2 | B72: 900196 | C72: RAVI M | D72: PRODUCTION | E72: TYRE CURING | F72: 40634 | G72: =NOW()-F72 | H72: O | I72: O | J72: 9 | K72: 9 | L72: 9 | M72: 9 | O72: =SUM(J72:N72) | P72: =O72/IF(H72="L",20,IF(H72="U",30,IF(H72="O",40,IF(H72="I",20,"")))) | Q72: =IF(AND(H72="L", P72>=50%), "Pass", IF(AND(H72="U", P72>=60%), "Pass", IF(AND(H72="O", P72>=75%), "Pass", "Fail"))) | S72: 16 | T72: 11 | U72: =SUM(S72:T72) | V72: =U72/IF(H72="L",35,IF(H72="U",35,IF(H72="O",35,IF(H72="I",35,"")))) | W72: =IF(AND(H72="L", V72>=50%), "Pass", IF(AND(H72="U", V72>=60%), "Pass", IF(AND(H72="O", V72>=75%), "Pass", "Fail"))) | X72: =IF(AND(Q72="Pass", W72="Pass"), "Pass", "Fail") | Y72: =IF($X72="Pass",$H72, IF(H72="L","I", IF(H72="U","L", IF(H72="O","U", "I"))))
A73: =ROW()-2 | B73: 900197 | C73: SANKAR M | D73: PRODUCTION | E73: BIAS MARANGONI&BESTRY | F73: 40634 | G73: =NOW()-F73 | H73: O | I73: O | J73: 9 | K73: 9 | L73: 9 | M73: 8 | O73: =SUM(J73:N73) | P73: =O73/IF(H73="L",20,IF(H73="U",30,IF(H73="O",40,IF(H73="I",20,"")))) | Q73: =IF(AND(H73="L", P73>=50%), "Pass", IF(AND(H73="U", P73>=60%), "Pass", IF(AND(H73="O", P73>=75%), "Pass", "Fail"))) | S73: 16 | T73: 12 | U73: =SUM(S73:T73) | V73: =U73/IF(H73="L",35,IF(H73="U",35,IF(H73="O",35,IF(H73="I",35,"")))) | W73: =IF(AND(H73="L", V73>=50%), "Pass", IF(AND(H73="U", V73>=60%), "Pass", IF(AND(H73="O", V73>=75%), "Pass", "Fail"))) | X73: =IF(AND(Q73="Pass", W73="Pass"), "Pass", "Fail") | Y73: =IF($X73="Pass",$H73, IF(H73="L","I", IF(H73="U","L", IF(H73="O","U", "I"))))
A74: =ROW()-2 | B74: 900198 | C74: RAJESH YADAV | D74: PRODUCTION | E74: TYRE BUILDING-P1 | F74: 40634 | G74: =NOW()-F74 | H74: O | I74: O | J74: 8 | K74: 10 | L74: 8 | M74: 9 | O74: =SUM(J74:N74) | P74: =O74/IF(H74="L",20,IF(H74="U",30,IF(H74="O",40,IF(H74="I",20,"")))) | Q74: =IF(AND(H74="L", P74>=50%), "Pass", IF(AND(H74="U", P74>=60%), "Pass", IF(AND(H74="O", P74>=75%), "Pass", "Fail"))) | S74: 17 | T74: 15 | U74: =SUM(S74:T74) | V74: =U74/IF(H74="L",35,IF(H74="U",35,IF(H74="O",35,IF(H74="I",35,"")))) | W74: =IF(AND(H74="L", V74>=50%), "Pass", IF(AND(H74="U", V74>=60%), "Pass", IF(AND(H74="O", V74>=75%), "Pass", "Fail"))) | X74: =IF(AND(Q74="Pass", W74="Pass"), "Pass", "Fail") | Y74: =IF($X74="Pass",$H74, IF(H74="L","I", IF(H74="U","L", IF(H74="O","U", "I"))))
A75: =ROW()-2 | B75: 900199 | C75: RAJARAM K | D75: PRODUCTION | E75: MIXING | F75: 40634 | G75: =NOW()-F75 | H75: O | I75: O | J75: NIL | P75: =O75/IF(H75="L",20,IF(H75="U",30,IF(H75="O",40,IF(H75="I",20,"")))) | Q75: =IF(AND(H75="L", P75>=50%), "Pass", IF(AND(H75="U", P75>=60%), "Pass", IF(AND(H75="O", P75>=75%), "Pass", "Fail"))) | S75: 16 | T75: 12 | U75: =SUM(S75:T75) | V75: =U75/IF(H75="L",35,IF(H75="U",35,IF(H75="O",35,IF(H75="I",35,"")))) | W75: =IF(AND(H75="L", V75>=50%), "Pass", IF(AND(H75="U", V75>=60%), "Pass", IF(AND(H75="O", V75>=75%), "Pass", "Fail"))) | X75: =IF(AND(Q75="Pass", W75="Pass"), "Pass", "Fail") | Y75: =IF($X75="Pass",$H75, IF(H75="L","I", IF(H75="U","L", IF(H75="O","U", "I"))))
A76: =ROW()-2 | B76: 900200 | C76: AMAL RAJ R | D76: PRODUCTION | E76: TYRE BUILDING-P1 | F76: 40634 | G76: =NOW()-F76 | H76: O | I76: U | J76: 8 | K76: 10 | L76: 8 | M76: 9 | O76: =SUM(J76:N76) | P76: =O76/IF(H76="L",20,IF(H76="U",30,IF(H76="O",40,IF(H76="I",20,"")))) | Q76: =IF(AND(H76="L", P76>=50%), "Pass", IF(AND(H76="U", P76>=60%), "Pass", IF(AND(H76="O", P76>=75%), "Pass", "Fail"))) | S76: 16 | T76: 15 | U76: =SUM(S76:T76) | V76: =U76/IF(H76="L",35,IF(H76="U",35,IF(H76="O",35,IF(H76="I",35,"")))) | W76: =IF(AND(H76="L", V76>=50%), "Pass", IF(AND(H76="U", V76>=60%), "Pass", IF(AND(H76="O", V76>=75%), "Pass", "Fail"))) | X76: =IF(AND(Q76="Pass", W76="Pass"), "Pass", "Fail") | Y76: =IF($X76="Pass",$H76, IF(H76="L","I", IF(H76="U","L", IF(H76="O","U", "I"))))
A77: =ROW()-2 | B77: 900202 | C77: ESSAKI MUTHU V | D77: PRODUCTION | E77: TYRE CURING | F77: 40634 | G77: =NOW()-F77 | H77: O | I77: O | J77: 10 | K77: 9 | L77: 8 | M77: 7 | O77: =SUM(J77:N77) | P77: =O77/IF(H77="L",20,IF(H77="U",30,IF(H77="O",40,IF(H77="I",20,"")))) | Q77: =IF(AND(H77="L", P77>=50%), "Pass", IF(AND(H77="U", P77>=60%), "Pass", IF(AND(H77="O", P77>=75%), "Pass", "Fail"))) | S77: 15 | T77: 14 | U77: =SUM(S77:T77) | V77: =U77/IF(H77="L",35,IF(H77="U",35,IF(H77="O",35,IF(H77="I",35,"")))) | W77: =IF(AND(H77="L", V77>=50%), "Pass", IF(AND(H77="U", V77>=60%), "Pass", IF(AND(H77="O", V77>=75%), "Pass", "Fail"))) | X77: =IF(AND(Q77="Pass", W77="Pass"), "Pass", "Fail") | Y77: =IF($X77="Pass",$H77, IF(H77="L","I", IF(H77="U","L", IF(H77="O","U", "I"))))
A78: =ROW()-2 | B78: 900203 | C78: MASILA MANI A | D78: PRODUCTION | E78: EXTRUDER | F78: 40634 | G78: =NOW()-F78 | H78: O | I78: O | J78: 8 | K78: 9 | L78: 10 | M78: 9 | O78: =SUM(J78:N78) | P78: =O78/IF(H78="L",20,IF(H78="U",30,IF(H78="O",40,IF(H78="I",20,"")))) | Q78: =IF(AND(H78="L", P78>=50%), "Pass", IF(AND(H78="U", P78>=60%), "Pass", IF(AND(H78="O", P78>=75%), "Pass", "Fail"))) | S78: 20 | T78: 13 | U78: =SUM(S78:T78) | V78: =U78/IF(H78="L",35,IF(H78="U",35,IF(H78="O",35,IF(H78="I",35,"")))) | W78: =IF(AND(H78="L", V78>=50%), "Pass", IF(AND(H78="U", V78>=60%), "Pass", IF(AND(H78="O", V78>=75%), "Pass", "Fail"))) | X78: =IF(AND(Q78="Pass", W78="Pass"), "Pass", "Fail") | Y78: =IF($X78="Pass",$H78, IF(H78="L","I", IF(H78="U","L", IF(H78="O","U", "I")))) | Z78: =V78-75%
A79: =ROW()-2 | B79: 900204 | C79: PARTHA SARATHY A | D79: PRODUCTION | E79: TYRE BUILDING-P1 | F79: 40634 | G79: =NOW()-F79 | H79: O | I79: O | J79: 9 | K79: 9 | L79: 9 | M79: 6 | O79: =SUM(J79:N79) | P79: =O79/IF(H79="L",20,IF(H79="U",30,IF(H79="O",40,IF(H79="I",20,"")))) | Q79: =IF(AND(H79="L", P79>=50%), "Pass", IF(AND(H79="U", P79>=60%), "Pass", IF(AND(H79="O", P79>=75%), "Pass", "Fail"))) | S79: 15 | T79: 12 | U79: =SUM(S79:T79) | V79: =U79/IF(H79="L",35,IF(H79="U",35,IF(H79="O",35,IF(H79="I",35,"")))) | W79: =IF(AND(H79="L", V79>=50%), "Pass", IF(AND(H79="U", V79>=60%), "Pass", IF(AND(H79="O", V79>=75%), "Pass", "Fail"))) | X79: =IF(AND(Q79="Pass", W79="Pass"), "Pass", "Fail") | Y79: =IF($X79="Pass",$H79, IF(H79="L","I", IF(H79="U","L", IF(H79="O","U", "I"))))
A80: =ROW()-2 | B80: 900205 | C80: PARANTHAMAN P | D80: PRODUCTION | E80: TYRE CURING | F80: 40634 | G80: =NOW()-F80 | H80: O | I80: O | J80: 10 | K80: 9 | L80: 10 | M80: 8 | O80: =SUM(J80:N80) | P80: =O80/IF(H80="L",20,IF(H80="U",30,IF(H80="O",40,IF(H80="I",20,"")))) | Q80: =IF(AND(H80="L", P80>=50%), "Pass", IF(AND(H80="U", P80>=60%), "Pass", IF(AND(H80="O", P80>=75%), "Pass", "Fail"))) | S80: 13 | T80: 11 | U80: =SUM(S80:T80) | V80: =U80/IF(H80="L",35,IF(H80="U",35,IF(H80="O",35,IF(H80="I",35,"")))) | W80: =IF(AND(H80="L", V80>=50%), "Pass", IF(AND(H80="U", V80>=60%), "Pass", IF(AND(H80="O", V80>=75%), "Pass", "Fail"))) | X80: =IF(AND(Q80="Pass", W80="Pass"), "Pass", "Fail") | Y80: =IF($X80="Pass",$H80, IF(H80="L","I", IF(H80="U","L", IF(H80="O","U", "I"))))
A81: =ROW()-2 | B81: 900206 | C81: MADASAMY G | D81: PRODUCTION | E81: BIAS CUTTING-5 | F81: 40634 | G81: =NOW()-F81 | H81: O | I81: O | J81: 10 | K81: 8 | L81: 8 | M81: 8 | O81: =SUM(J81:N81) | P81: =O81/IF(H81="L",20,IF(H81="U",30,IF(H81="O",40,IF(H81="I",20,"")))) | Q81: =IF(AND(H81="L", P81>=50%), "Pass", IF(AND(H81="U", P81>=60%), "Pass", IF(AND(H81="O", P81>=75%), "Pass", "Fail"))) | S81: 16 | T81: 12 | U81: =SUM(S81:T81) | V81: =U81/IF(H81="L",35,IF(H81="U",35,IF(H81="O",35,IF(H81="I",35,"")))) | W81: =IF(AND(H81="L", V81>=50%), "Pass", IF(AND(H81="U", V81>=60%), "Pass", IF(AND(H81="O", V81>=75%), "Pass", "Fail"))) | X81: =IF(AND(Q81="Pass", W81="Pass"), "Pass", "Fail") | Y81: =IF($X81="Pass",$H81, IF(H81="L","I", IF(H81="U","L", IF(H81="O","U", "I"))))
A82: =ROW()-2 | B82: 900207 | C82: JOHN A | D82: PRODUCTION | E82: BIAS CUTTING-1 | F82: 40634 | G82: =NOW()-F82 | H82: O | I82: O | J82: 9 | K82: 6 | L82: 5 | M82: 6 | O82: =SUM(J82:N82) | P82: =O82/IF(H82="L",20,IF(H82="U",30,IF(H82="O",40,IF(H82="I",20,"")))) | Q82: =IF(AND(H82="L", P82>=50%), "Pass", IF(AND(H82="U", P82>=60%), "Pass", IF(AND(H82="O", P82>=75%), "Pass", "Fail"))) | S82: 15 | T82: 7 | U82: =SUM(S82:T82) | V82: =U82/IF(H82="L",35,IF(H82="U",35,IF(H82="O",35,IF(H82="I",35,"")))) | W82: =IF(AND(H82="L", V82>=50%), "Pass", IF(AND(H82="U", V82>=60%), "Pass", IF(AND(H82="O", V82>=75%), "Pass", "Fail"))) | X82: =IF(AND(Q82="Pass", W82="Pass"), "Pass", "Fail") | Y82: =IF($X82="Pass",$H82, IF(H82="L","I", IF(H82="U","L", IF(H82="O","U", "I"))))
A83: =ROW()-2 | B83: 900208 | C83: SELVAGANESHAN C | D83: PRODUCTION | E83: EXTRUDER | F83: 40634 | G83: =NOW()-F83 | H83: O | I83: U | J83: 9 | K83: 8 | L83: 9 | M83: 10 | O83: =SUM(J83:N83) | P83: =O83/IF(H83="L",20,IF(H83="U",30,IF(H83="O",40,IF(H83="I",20,"")))) | Q83: =IF(AND(H83="L", P83>=50%), "Pass", IF(AND(H83="U", P83>=60%), "Pass", IF(AND(H83="O", P83>=75%), "Pass", "Fail"))) | S83: 18 | T83: 15 | U83: =SUM(S83:T83) | V83: =U83/IF(H83="L",35,IF(H83="U",35,IF(H83="O",35,IF(H83="I",35,"")))) | W83: =IF(AND(H83="L", V83>=50%), "Pass", IF(AND(H83="U", V83>=60%), "Pass", IF(AND(H83="O", V83>=75%), "Pass", "Fail"))) | X83: =IF(AND(Q83="Pass", W83="Pass"), "Pass", "Fail") | Y83: =IF($X83="Pass",$H83, IF(H83="L","I", IF(H83="U","L", IF(H83="O","U", "I"))))
A84: =ROW()-2 | B84: 900209 | C84: SHUNMUGA SURESH S | D84: PRODUCTION | E84: MIXING | F84: 40634 | G84: =NOW()-F84 | H84: O | I84: O | J84: NIL | P84: =O84/IF(H84="L",20,IF(H84="U",30,IF(H84="O",40,IF(H84="I",20,"")))) | Q84: =IF(AND(H84="L", P84>=50%), "Pass", IF(AND(H84="U", P84>=60%), "Pass", IF(AND(H84="O", P84>=75%), "Pass", "Fail"))) | S84: 16 | T84: 12 | U84: =SUM(S84:T84) | V84: =U84/IF(H84="L",35,IF(H84="U",35,IF(H84="O",35,IF(H84="I",35,"")))) | W84: =IF(AND(H84="L", V84>=50%), "Pass", IF(AND(H84="U", V84>=60%), "Pass", IF(AND(H84="O", V84>=75%), "Pass", "Fail"))) | X84: =IF(AND(Q84="Pass", W84="Pass"), "Pass", "Fail") | Y84: =IF($X84="Pass",$H84, IF(H84="L","I", IF(H84="U","L", IF(H84="O","U", "I")))) | Z84: =V84-75%
A85: =ROW()-2 | B85: 900211 | C85: PAKIYARAJ M | D85: PRODUCTION | E85: EXTRUDER | F85: 40634 | G85: =NOW()-F85 | H85: O | I85: O | J85: 9 | K85: 6 | L85: 9 | M85: 4 | O85: =SUM(J85:N85) | P85: =O85/IF(H85="L",20,IF(H85="U",30,IF(H85="O",40,IF(H85="I",20,"")))) | Q85: =IF(AND(H85="L", P85>=50%), "Pass", IF(AND(H85="U", P85>=60%), "Pass", IF(AND(H85="O", P85>=75%), "Pass", "Fail"))) | S85: 17 | T85: 14 | U85: =SUM(S85:T85) | V85: =U85/IF(H85="L",35,IF(H85="U",35,IF(H85="O",35,IF(H85="I",35,"")))) | W85: =IF(AND(H85="L", V85>=50%), "Pass", IF(AND(H85="U", V85>=60%), "Pass", IF(AND(H85="O", V85>=75%), "Pass", "Fail"))) | X85: =IF(AND(Q85="Pass", W85="Pass"), "Pass", "Fail") | Y85: =IF($X85="Pass",$H85, IF(H85="L","I", IF(H85="U","L", IF(H85="O","U", "I"))))
A86: =ROW()-2 | B86: 900213 | C86: PATTAN S | D86: PRODUCTION | E86: TYRE CURING | F86: 40634 | G86: =NOW()-F86 | H86: O | I86: U | J86: 9 | K86: 9 | L86: 8 | M86: 8 | O86: =SUM(J86:N86) | P86: =O86/IF(H86="L",20,IF(H86="U",30,IF(H86="O",40,IF(H86="I",20,"")))) | Q86: =IF(AND(H86="L", P86>=50%), "Pass", IF(AND(H86="U", P86>=60%), "Pass", IF(AND(H86="O", P86>=75%), "Pass", "Fail"))) | S86: 12 | T86: 8 | U86: =SUM(S86:T86) | V86: =U86/IF(H86="L",35,IF(H86="U",35,IF(H86="O",35,IF(H86="I",35,"")))) | W86: =IF(AND(H86="L", V86>=50%), "Pass", IF(AND(H86="U", V86>=60%), "Pass", IF(AND(H86="O", V86>=75%), "Pass", "Fail"))) | X86: =IF(AND(Q86="Pass", W86="Pass"), "Pass", "Fail") | Y86: =IF($X86="Pass",$H86, IF(H86="L","I", IF(H86="U","L", IF(H86="O","U", "I"))))
A87: =ROW()-2 | B87: 900214 | C87: JAYARAJ S | D87: PRODUCTION | E87: TYRE CURING | F87: 40634 | G87: =NOW()-F87 | H87: O | I87: O | J87: 9 | K87: 8 | L87: 9 | M87: 6 | O87: =SUM(J87:N87) | P87: =O87/IF(H87="L",20,IF(H87="U",30,IF(H87="O",40,IF(H87="I",20,"")))) | Q87: =IF(AND(H87="L", P87>=50%), "Pass", IF(AND(H87="U", P87>=60%), "Pass", IF(AND(H87="O", P87>=75%), "Pass", "Fail"))) | S87: 17 | T87: 14 | U87: =SUM(S87:T87) | V87: =U87/IF(H87="L",35,IF(H87="U",35,IF(H87="O",35,IF(H87="I",35,"")))) | W87: =IF(AND(H87="L", V87>=50%), "Pass", IF(AND(H87="U", V87>=60%), "Pass", IF(AND(H87="O", V87>=75%), "Pass", "Fail"))) | X87: =IF(AND(Q87="Pass", W87="Pass"), "Pass", "Fail") | Y87: =IF($X87="Pass",$H87, IF(H87="L","I", IF(H87="U","L", IF(H87="O","U", "I"))))
A88: =ROW()-2 | B88: 900233 | C88: MANIKANDAN M | D88: PRODUCTION | E88: TYRE BUILDING-P3 | F88: 40634 | G88: =NOW()-F88 | H88: O | I88: O | J88: 10 | K88: 8 | L88: 8 | M88: 7 | O88: =SUM(J88:N88) | P88: =O88/IF(H88="L",20,IF(H88="U",30,IF(H88="O",40,IF(H88="I",20,"")))) | Q88: =IF(AND(H88="L", P88>=50%), "Pass", IF(AND(H88="U", P88>=60%), "Pass", IF(AND(H88="O", P88>=75%), "Pass", "Fail"))) | S88: 17 | T88: 15 | U88: =SUM(S88:T88) | V88: =U88/IF(H88="L",35,IF(H88="U",35,IF(H88="O",35,IF(H88="I",35,"")))) | W88: =IF(AND(H88="L", V88>=50%), "Pass", IF(AND(H88="U", V88>=60%), "Pass", IF(AND(H88="O", V88>=75%), "Pass", "Fail"))) | X88: =IF(AND(Q88="Pass", W88="Pass"), "Pass", "Fail") | Y88: =IF($X88="Pass",$H88, IF(H88="L","I", IF(H88="U","L", IF(H88="O","U", "I"))))
A89: =ROW()-2 | B89: 900245 | C89: BIRENDRA YADAV | D89: PRODUCTION | E89: BIAS CUTTING-2 | F89: 40634 | G89: =NOW()-F89 | H89: O | J89: 9 | K89: 7 | L89: 4 | M89: 6 | O89: =SUM(J89:N89) | P89: =O89/IF(H89="L",20,IF(H89="U",30,IF(H89="O",40,IF(H89="I",20,"")))) | Q89: =IF(AND(H89="L", P89>=50%), "Pass", IF(AND(H89="U", P89>=60%), "Pass", IF(AND(H89="O", P89>=75%), "Pass", "Fail"))) | S89: 13 | T89: 11 | U89: =SUM(S89:T89) | V89: =U89/IF(H89="L",35,IF(H89="U",35,IF(H89="O",35,IF(H89="I",35,"")))) | W89: =IF(AND(H89="L", V89>=50%), "Pass", IF(AND(H89="U", V89>=60%), "Pass", IF(AND(H89="O", V89>=75%), "Pass", "Fail"))) | X89: =IF(AND(Q89="Pass", W89="Pass"), "Pass", "Fail") | Y89: =IF($X89="Pass",$H89, IF(H89="L","I", IF(H89="U","L", IF(H89="O","U", "I"))))
A90: =ROW()-2 | B90: 900251 | C90: SEKAR S | D90: PRODUCTION | E90: YANTHAI | F90: 40634 | G90: =NOW()-F90 | H90: O | I90: O | J90: 8 | K90: 10 | L90: 10 | M90: 8 | O90: =SUM(J90:N90) | P90: =O90/IF(H90="L",20,IF(H90="U",30,IF(H90="O",40,IF(H90="I",20,"")))) | Q90: =IF(AND(H90="L", P90>=50%), "Pass", IF(AND(H90="U", P90>=60%), "Pass", IF(AND(H90="O", P90>=75%), "Pass", "Fail"))) | S90: 16 | T90: 13 | U90: =SUM(S90:T90) | V90: =U90/IF(H90="L",35,IF(H90="U",35,IF(H90="O",35,IF(H90="I",35,"")))) | W90: =IF(AND(H90="L", V90>=50%), "Pass", IF(AND(H90="U", V90>=60%), "Pass", IF(AND(H90="O", V90>=75%), "Pass", "Fail"))) | X90: =IF(AND(Q90="Pass", W90="Pass"), "Pass", "Fail") | Y90: =IF($X90="Pass",$H90, IF(H90="L","I", IF(H90="U","L", IF(H90="O","U", "I"))))
A91: =ROW()-2 | B91: 900264 | C91: CHOKKALINGAM P | D91: PRODUCTION | E91: TYRE CURING | F91: 40634 | G91: =NOW()-F91 | H91: O | I91: O | J91: 9 | K91: 9 | L91: 8 | M91: 8 | O91: =SUM(J91:N91) | P91: =O91/IF(H91="L",20,IF(H91="U",30,IF(H91="O",40,IF(H91="I",20,"")))) | Q91: =IF(AND(H91="L", P91>=50%), "Pass", IF(AND(H91="U", P91>=60%), "Pass", IF(AND(H91="O", P91>=75%), "Pass", "Fail"))) | S91: 20 | T91: 13 | U91: =SUM(S91:T91) | V91: =U91/IF(H91="L",35,IF(H91="U",35,IF(H91="O",35,IF(H91="I",35,"")))) | W91: =IF(AND(H91="L", V91>=50%), "Pass", IF(AND(H91="U", V91>=60%), "Pass", IF(AND(H91="O", V91>=75%), "Pass", "Fail"))) | X91: =IF(AND(Q91="Pass", W91="Pass"), "Pass", "Fail") | Y91: =IF($X91="Pass",$H91, IF(H91="L","I", IF(H91="U","L", IF(H91="O","U", "I"))))
A92: =ROW()-2 | B92: 900743 | C92: SAVENDAR RAY | D92: PRODUCTION | E92: MIXING | F92: 40657 | G92: =NOW()-F92 | H92: O | I92: U | J92: NIL | P92: =O92/IF(H92="L",20,IF(H92="U",30,IF(H92="O",40,IF(H92="I",20,"")))) | Q92: =IF(AND(H92="L", P92>=50%), "Pass", IF(AND(H92="U", P92>=60%), "Pass", IF(AND(H92="O", P92>=75%), "Pass", "Fail"))) | S92: 14 | T92: 11 | U92: =SUM(S92:T92) | V92: =U92/IF(H92="L",35,IF(H92="U",35,IF(H92="O",35,IF(H92="I",35,"")))) | W92: =IF(AND(H92="L", V92>=50%), "Pass", IF(AND(H92="U", V92>=60%), "Pass", IF(AND(H92="O", V92>=75%), "Pass", "Fail"))) | X92: =IF(AND(Q92="Pass", W92="Pass"), "Pass", "Fail") | Y92: =IF($X92="Pass",$H92, IF(H92="L","I", IF(H92="U","L", IF(H92="O","U", "I"))))
A93: =ROW()-2 | B93: 900744 | C93: BALAKRISHNAN G | D93: PRODUCTION | E93: MIXING | F93: 40659 | G93: =NOW()-F93 | H93: O | I93: U | J93: NIL | P93: =O93/IF(H93="L",20,IF(H93="U",30,IF(H93="O",40,IF(H93="I",20,"")))) | Q93: =IF(AND(H93="L", P93>=50%), "Pass", IF(AND(H93="U", P93>=60%), "Pass", IF(AND(H93="O", P93>=75%), "Pass", "Fail"))) | S93: 13 | T93: 11 | U93: =SUM(S93:T93) | V93: =U93/IF(H93="L",35,IF(H93="U",35,IF(H93="O",35,IF(H93="I",35,"")))) | W93: =IF(AND(H93="L", V93>=50%), "Pass", IF(AND(H93="U", V93>=60%), "Pass", IF(AND(H93="O", V93>=75%), "Pass", "Fail"))) | X93: =IF(AND(Q93="Pass", W93="Pass"), "Pass", "Fail") | Y93: =IF($X93="Pass",$H93, IF(H93="L","I", IF(H93="U","L", IF(H93="O","U", "I"))))
A94: =ROW()-2 | B94: 900745 | C94: MURUGAN S V | D94: PRODUCTION | E94: MIXING | F94: 40696 | G94: =NOW()-F94 | H94: O | I94: U | J94: NIL | P94: =O94/IF(H94="L",20,IF(H94="U",30,IF(H94="O",40,IF(H94="I",20,"")))) | Q94: =IF(AND(H94="L", P94>=50%), "Pass", IF(AND(H94="U", P94>=60%), "Pass", IF(AND(H94="O", P94>=75%), "Pass", "Fail"))) | S94: 15 | T94: 11 | U94: =SUM(S94:T94) | V94: =U94/IF(H94="L",35,IF(H94="U",35,IF(H94="O",35,IF(H94="I",35,"")))) | W94: =IF(AND(H94="L", V94>=50%), "Pass", IF(AND(H94="U", V94>=60%), "Pass", IF(AND(H94="O", V94>=75%), "Pass", "Fail"))) | X94: =IF(AND(Q94="Pass", W94="Pass"), "Pass", "Fail") | Y94: =IF($X94="Pass",$H94, IF(H94="L","I", IF(H94="U","L", IF(H94="O","U", "I"))))
A95: =ROW()-2 | B95: SK0045 | C95: BIRIJU KUSHWAHA | D95: PRODUCTION | E95: TYRE BUILDING-P3 | F95: 40717 | G95: =NOW()-F95 | H95: O | I95: U | J95: 10 | K95: 8 | L95: 8 | M95: 8 | O95: =SUM(J95:N95) | P95: =O95/IF(H95="L",20,IF(H95="U",30,IF(H95="O",40,IF(H95="I",20,"")))) | Q95: =IF(AND(H95="L", P95>=50%), "Pass", IF(AND(H95="U", P95>=60%), "Pass", IF(AND(H95="O", P95>=75%), "Pass", "Fail"))) | S95: 17 | T95: 14 | U95: =SUM(S95:T95) | V95: =U95/IF(H95="L",35,IF(H95="U",35,IF(H95="O",35,IF(H95="I",35,"")))) | W95: =IF(AND(H95="L", V95>=50%), "Pass", IF(AND(H95="U", V95>=60%), "Pass", IF(AND(H95="O", V95>=75%), "Pass", "Fail"))) | X95: =IF(AND(Q95="Pass", W95="Pass"), "Pass", "Fail") | Y95: =IF($X95="Pass",$H95, IF(H95="L","I", IF(H95="U","L", IF(H95="O","U", "I"))))
A96: =ROW()-2 | B96: SK1674 | C96: CHIDAMPARARAJA S | D96: PRODUCTION | E96: TYRE CURING | F96: 40719 | G96: =NOW()-F96 | H96: O | I96: O | J96: 9 | K96: 9 | L96: 9 | M96: 10 | O96: =SUM(J96:N96) | P96: =O96/IF(H96="L",20,IF(H96="U",30,IF(H96="O",40,IF(H96="I",20,"")))) | Q96: =IF(AND(H96="L", P96>=50%), "Pass", IF(AND(H96="U", P96>=60%), "Pass", IF(AND(H96="O", P96>=75%), "Pass", "Fail"))) | S96: 17 | T96: 13 | U96: =SUM(S96:T96) | V96: =U96/IF(H96="L",35,IF(H96="U",35,IF(H96="O",35,IF(H96="I",35,"")))) | W96: =IF(AND(H96="L", V96>=50%), "Pass", IF(AND(H96="U", V96>=60%), "Pass", IF(AND(H96="O", V96>=75%), "Pass", "Fail"))) | X96: =IF(AND(Q96="Pass", W96="Pass"), "Pass", "Fail") | Y96: =IF($X96="Pass",$H96, IF(H96="L","I", IF(H96="U","L", IF(H96="O","U", "I"))))
A97: =ROW()-2 | B97: SK0056 | C97: ESAKKI MUTHU M | D97: PRODUCTION | E97: BIAS CUTTING-5 | F97: 40767 | G97: =NOW()-F97 | H97: O | I97: U | J97: 9 | K97: 8 | L97: 8 | M97: 8 | O97: =SUM(J97:N97) | P97: =O97/IF(H97="L",20,IF(H97="U",30,IF(H97="O",40,IF(H97="I",20,"")))) | Q97: =IF(AND(H97="L", P97>=50%), "Pass", IF(AND(H97="U", P97>=60%), "Pass", IF(AND(H97="O", P97>=75%), "Pass", "Fail"))) | S97: 12 | T97: 10 | U97: =SUM(S97:T97) | V97: =U97/IF(H97="L",35,IF(H97="U",35,IF(H97="O",35,IF(H97="I",35,"")))) | W97: =IF(AND(H97="L", V97>=50%), "Pass", IF(AND(H97="U", V97>=60%), "Pass", IF(AND(H97="O", V97>=75%), "Pass", "Fail"))) | X97: =IF(AND(Q97="Pass", W97="Pass"), "Pass", "Fail") | Y97: =IF($X97="Pass",$H97, IF(H97="L","I", IF(H97="U","L", IF(H97="O","U", "I"))))
A98: =ROW()-2 | B98: SK2306 | C98: DEEPAK KUMAR K | D98: PRODUCTION | E98: TYRE BUILDING-P2 | F98: 40793 | G98: =NOW()-F98 | H98: O | I98: O | J98: 9 | K98: 10 | L98: 8 | M98: 7 | O98: =SUM(J98:N98) | P98: =O98/IF(H98="L",20,IF(H98="U",30,IF(H98="O",40,IF(H98="I",20,"")))) | Q98: =IF(AND(H98="L", P98>=50%), "Pass", IF(AND(H98="U", P98>=60%), "Pass", IF(AND(H98="O", P98>=75%), "Pass", "Fail"))) | S98: 11 | T98: 8 | U98: =SUM(S98:T98) | V98: =U98/IF(H98="L",35,IF(H98="U",35,IF(H98="O",35,IF(H98="I",35,"")))) | W98: =IF(AND(H98="L", V98>=50%), "Pass", IF(AND(H98="U", V98>=60%), "Pass", IF(AND(H98="O", V98>=75%), "Pass", "Fail"))) | X98: =IF(AND(Q98="Pass", W98="Pass"), "Pass", "Fail") | Y98: =IF($X98="Pass",$H98, IF(H98="L","I", IF(H98="U","L", IF(H98="O","U", "I"))))
A99: =ROW()-2 | B99: SK2307 | C99: SHYAM VINOTH S | D99: PRODUCTION | E99: BAND BUILDING-P1 | F99: 40800 | G99: =NOW()-F99 | H99: O | I99: O | J99: 10 | K99: 10 | L99: 6 | M99: 8 | O99: =SUM(J99:N99) | P99: =O99/IF(H99="L",20,IF(H99="U",30,IF(H99="O",40,IF(H99="I",20,"")))) | Q99: =IF(AND(H99="L", P99>=50%), "Pass", IF(AND(H99="U", P99>=60%), "Pass", IF(AND(H99="O", P99>=75%), "Pass", "Fail"))) | S99: 18 | T99: 15 | U99: =SUM(S99:T99) | V99: =U99/IF(H99="L",35,IF(H99="U",35,IF(H99="O",35,IF(H99="I",35,"")))) | W99: =IF(AND(H99="L", V99>=50%), "Pass", IF(AND(H99="U", V99>=60%), "Pass", IF(AND(H99="O", V99>=75%), "Pass", "Fail"))) | X99: =IF(AND(Q99="Pass", W99="Pass"), "Pass", "Fail") | Y99: =IF($X99="Pass",$H99, IF(H99="L","I", IF(H99="U","L", IF(H99="O","U", "I"))))
A100: =ROW()-2 | B100: 900746 | C100: SANKAR NARAYANAN S | D100: PRODUCTION | E100: MIXING | F100: 40861 | G100: =NOW()-F100 | H100: O | I100: U | J100: NIL | P100: =O100/IF(H100="L",20,IF(H100="U",30,IF(H100="O",40,IF(H100="I",20,"")))) | Q100: =IF(AND(H100="L", P100>=50%), "Pass", IF(AND(H100="U", P100>=60%), "Pass", IF(AND(H100="O", P100>=75%), "Pass", "Fail"))) | S100: 14 | T100: 12 | U100: =SUM(S100:T100) | V100: =U100/IF(H100="L",35,IF(H100="U",35,IF(H100="O",35,IF(H100="I",35,"")))) | W100: =IF(AND(H100="L", V100>=50%), "Pass", IF(AND(H100="U", V100>=60%), "Pass", IF(AND(H100="O", V100>=75%), "Pass", "Fail"))) | X100: =IF(AND(Q100="Pass", W100="Pass"), "Pass", "Fail") | Y100: =IF($X100="Pass",$H100, IF(H100="L","I", IF(H100="U","L", IF(H100="O","U", "I"))))
A101: =ROW()-2 | B101: 900747 | C101: MUTHUKUMAR V | D101: PRODUCTION | E101: MIXING | F101: 40878 | G101: =NOW()-F101 | H101: O | I101: O | J101: NIL | P101: =O101/IF(H101="L",20,IF(H101="U",30,IF(H101="O",40,IF(H101="I",20,"")))) | Q101: =IF(AND(H101="L", P101>=50%), "Pass", IF(AND(H101="U", P101>=60%), "Pass", IF(AND(H101="O", P101>=75%), "Pass", "Fail"))) | S101: 15 | T101: 12 | U101: =SUM(S101:T101) | V101: =U101/IF(H101="L",35,IF(H101="U",35,IF(H101="O",35,IF(H101="I",35,"")))) | W101: =IF(AND(H101="L", V101>=50%), "Pass", IF(AND(H101="U", V101>=60%), "Pass", IF(AND(H101="O", V101>=75%), "Pass", "Fail"))) | X101: =IF(AND(Q101="Pass", W101="Pass"), "Pass", "Fail") | Y101: =IF($X101="Pass",$H101, IF(H101="L","I", IF(H101="U","L", IF(H101="O","U", "I"))))
A102: =ROW()-2 | B102: 900748 | C102: RAM VINAY SAH | D102: PRODUCTION | E102: MIXING | F102: 40894 | G102: =NOW()-F102 | H102: O | I102: U | J102: NIL | P102: =O102/IF(H102="L",20,IF(H102="U",30,IF(H102="O",40,IF(H102="I",20,"")))) | Q102: =IF(AND(H102="L", P102>=50%), "Pass", IF(AND(H102="U", P102>=60%), "Pass", IF(AND(H102="O", P102>=75%), "Pass", "Fail"))) | S102: 13 | T102: 12 | U102: =SUM(S102:T102) | V102: =U102/IF(H102="L",35,IF(H102="U",35,IF(H102="O",35,IF(H102="I",35,"")))) | W102: =IF(AND(H102="L", V102>=50%), "Pass", IF(AND(H102="U", V102>=60%), "Pass", IF(AND(H102="O", V102>=75%), "Pass", "Fail"))) | X102: =IF(AND(Q102="Pass", W102="Pass"), "Pass", "Fail") | Y102: =IF($X102="Pass",$H102, IF(H102="L","I", IF(H102="U","L", IF(H102="O","U", "I"))))
A103: =ROW()-2 | B103: PK0200 | C103: SUDALAIMANI M | D103: PRODUCTION | E103: TYRE CURING | F103: 40969 | G103: =NOW()-F103 | H103: O | I103: O | J103: 10 | K103: 10 | L103: 9 | M103: 7 | O103: =SUM(J103:N103) | P103: =O103/IF(H103="L",20,IF(H103="U",30,IF(H103="O",40,IF(H103="I",20,"")))) | Q103: =IF(AND(H103="L", P103>=50%), "Pass", IF(AND(H103="U", P103>=60%), "Pass", IF(AND(H103="O", P103>=75%), "Pass", "Fail"))) | S103: 15 | T103: 13 | U103: =SUM(S103:T103) | V103: =U103/IF(H103="L",35,IF(H103="U",35,IF(H103="O",35,IF(H103="I",35,"")))) | W103: =IF(AND(H103="L", V103>=50%), "Pass", IF(AND(H103="U", V103>=60%), "Pass", IF(AND(H103="O", V103>=75%), "Pass", "Fail"))) | X103: =IF(AND(Q103="Pass", W103="Pass"), "Pass", "Fail") | Y103: =IF($X103="Pass",$H103, IF(H103="L","I", IF(H103="U","L", IF(H103="O","U", "I"))))
A104: =ROW()-2 | B104: 900749 | C104: ANJAN ORAON | D104: PRODUCTION | E104: MIXING | F104: 40986 | G104: =NOW()-F104 | H104: O | I104: U | J104: NIL | P104: =O104/IF(H104="L",20,IF(H104="U",30,IF(H104="O",40,IF(H104="I",20,"")))) | Q104: =IF(AND(H104="L", P104>=50%), "Pass", IF(AND(H104="U", P104>=60%), "Pass", IF(AND(H104="O", P104>=75%), "Pass", "Fail"))) | S104: 13 | T104: 12 | U104: =SUM(S104:T104) | V104: =U104/IF(H104="L",35,IF(H104="U",35,IF(H104="O",35,IF(H104="I",35,"")))) | W104: =IF(AND(H104="L", V104>=50%), "Pass", IF(AND(H104="U", V104>=60%), "Pass", IF(AND(H104="O", V104>=75%), "Pass", "Fail"))) | X104: =IF(AND(Q104="Pass", W104="Pass"), "Pass", "Fail") | Y104: =IF($X104="Pass",$H104, IF(H104="L","I", IF(H104="U","L", IF(H104="O","U", "I"))))
A105: =ROW()-2 | B105: 900312 | C105: SURESH KANNAN M | D105: PRODUCTION | E105: BAND BUILDING-P3 | F105: 41000 | G105: =NOW()-F105 | H105: O | I105: U | J105: 10 | K105: 9 | L105: 8 | M105: 9 | O105: =SUM(J105:N105) | P105: =O105/IF(H105="L",20,IF(H105="U",30,IF(H105="O",40,IF(H105="I",20,"")))) | Q105: =IF(AND(H105="L", P105>=50%), "Pass", IF(AND(H105="U", P105>=60%), "Pass", IF(AND(H105="O", P105>=75%), "Pass", "Fail"))) | S105: 16 | T105: 11 | U105: =SUM(S105:T105) | V105: =U105/IF(H105="L",35,IF(H105="U",35,IF(H105="O",35,IF(H105="I",35,"")))) | W105: =IF(AND(H105="L", V105>=50%), "Pass", IF(AND(H105="U", V105>=60%), "Pass", IF(AND(H105="O", V105>=75%), "Pass", "Fail"))) | X105: =IF(AND(Q105="Pass", W105="Pass"), "Pass", "Fail") | Y105: =IF($X105="Pass",$H105, IF(H105="L","I", IF(H105="U","L", IF(H105="O","U", "I"))))
A106: =ROW()-2 | B106: 900313 | C106: ESAKKI MUTHU M | D106: PRODUCTION | E106: 3 ROLL-P2 | F106: 41000 | G106: =NOW()-F106 | H106: O | I106: U | J106: 7 | K106: 7 | L106: 4 | M106: 9 | O106: =SUM(J106:N106) | P106: =O106/IF(H106="L",20,IF(H106="U",30,IF(H106="O",40,IF(H106="I",20,"")))) | Q106: =IF(AND(H106="L", P106>=50%), "Pass", IF(AND(H106="U", P106>=60%), "Pass", IF(AND(H106="O", P106>=75%), "Pass", "Fail"))) | S106: 15 | T106: 7 | U106: =SUM(S106:T106) | V106: =U106/IF(H106="L",35,IF(H106="U",35,IF(H106="O",35,IF(H106="I",35,"")))) | W106: =IF(AND(H106="L", V106>=50%), "Pass", IF(AND(H106="U", V106>=60%), "Pass", IF(AND(H106="O", V106>=75%), "Pass", "Fail"))) | X106: =IF(AND(Q106="Pass", W106="Pass"), "Pass", "Fail") | Y106: =IF($X106="Pass",$H106, IF(H106="L","I", IF(H106="U","L", IF(H106="O","U", "I"))))
A107: =ROW()-2 | B107: 900314 | C107: THEKKADIYAN A | D107: PRODUCTION | E107: 3 ROLL-P2 | F107: 41000 | G107: =NOW()-F107 | H107: O | I107: U | J107: 9 | K107: 5 | L107: 4 | M107: 7 | O107: =SUM(J107:N107) | P107: =O107/IF(H107="L",20,IF(H107="U",30,IF(H107="O",40,IF(H107="I",20,"")))) | Q107: =IF(AND(H107="L", P107>=50%), "Pass", IF(AND(H107="U", P107>=60%), "Pass", IF(AND(H107="O", P107>=75%), "Pass", "Fail"))) | S107: 12 | T107: 6 | U107: =SUM(S107:T107) | V107: =U107/IF(H107="L",35,IF(H107="U",35,IF(H107="O",35,IF(H107="I",35,"")))) | W107: =IF(AND(H107="L", V107>=50%), "Pass", IF(AND(H107="U", V107>=60%), "Pass", IF(AND(H107="O", V107>=75%), "Pass", "Fail"))) | X107: =IF(AND(Q107="Pass", W107="Pass"), "Pass", "Fail") | Y107: =IF($X107="Pass",$H107, IF(H107="L","I", IF(H107="U","L", IF(H107="O","U", "I"))))
A108: =ROW()-2 | B108: 900315 | C108: ANTONY RAJ I | D108: PRODUCTION | E108: 4 ROLL | F108: 41000 | G108: =NOW()-F108 | H108: O | I108: U | J108: 10 | K108: 8 | L108: 7 | M108: 9 | O108: =SUM(J108:N108) | P108: =O108/IF(H108="L",20,IF(H108="U",30,IF(H108="O",40,IF(H108="I",20,"")))) | Q108: =IF(AND(H108="L", P108>=50%), "Pass", IF(AND(H108="U", P108>=60%), "Pass", IF(AND(H108="O", P108>=75%), "Pass", "Fail"))) | S108: 12 | T108: 12 | U108: =SUM(S108:T108) | V108: =U108/IF(H108="L",35,IF(H108="U",35,IF(H108="O",35,IF(H108="I",35,"")))) | W108: =IF(AND(H108="L", V108>=50%), "Pass", IF(AND(H108="U", V108>=60%), "Pass", IF(AND(H108="O", V108>=75%), "Pass", "Fail"))) | X108: =IF(AND(Q108="Pass", W108="Pass"), "Pass", "Fail") | Y108: =IF($X108="Pass",$H108, IF(H108="L","I", IF(H108="U","L", IF(H108="O","U", "I"))))
A109: =ROW()-2 | B109: 900316 | C109: ANTONY RAJ T | D109: PRODUCTION | E109: 4 ROLL | F109: 41000 | G109: =NOW()-F109 | H109: O | I109: U | J109: 9 | K109: 8 | L109: 9 | M109: 10 | O109: =SUM(J109:N109) | P109: =O109/IF(H109="L",20,IF(H109="U",30,IF(H109="O",40,IF(H109="I",20,"")))) | Q109: =IF(AND(H109="L", P109>=50%), "Pass", IF(AND(H109="U", P109>=60%), "Pass", IF(AND(H109="O", P109>=75%), "Pass", "Fail"))) | S109: 16 | T109: 11 | U109: =SUM(S109:T109) | V109: =U109/IF(H109="L",35,IF(H109="U",35,IF(H109="O",35,IF(H109="I",35,"")))) | W109: =IF(AND(H109="L", V109>=50%), "Pass", IF(AND(H109="U", V109>=60%), "Pass", IF(AND(H109="O", V109>=75%), "Pass", "Fail"))) | X109: =IF(AND(Q109="Pass", W109="Pass"), "Pass", "Fail") | Y109: =IF($X109="Pass",$H109, IF(H109="L","I", IF(H109="U","L", IF(H109="O","U", "I"))))
A110: =ROW()-2 | B110: 900317 | C110: RAJA GOPAL S | D110: PRODUCTION | E110: BAND BUILDING-P3 | F110: 41000 | G110: =NOW()-F110 | H110: O | I110: U | J110: 10 | K110: 9 | L110: 8 | M110: 9 | O110: =SUM(J110:N110) | P110: =O110/IF(H110="L",20,IF(H110="U",30,IF(H110="O",40,IF(H110="I",20,"")))) | Q110: =IF(AND(H110="L", P110>=50%), "Pass", IF(AND(H110="U", P110>=60%), "Pass", IF(AND(H110="O", P110>=75%), "Pass", "Fail"))) | S110: 13 | T110: 14 | U110: =SUM(S110:T110) | V110: =U110/IF(H110="L",35,IF(H110="U",35,IF(H110="O",35,IF(H110="I",35,"")))) | W110: =IF(AND(H110="L", V110>=50%), "Pass", IF(AND(H110="U", V110>=60%), "Pass", IF(AND(H110="O", V110>=75%), "Pass", "Fail"))) | X110: =IF(AND(Q110="Pass", W110="Pass"), "Pass", "Fail") | Y110: =IF($X110="Pass",$H110, IF(H110="L","I", IF(H110="U","L", IF(H110="O","U", "I"))))
A111: =ROW()-2 | B111: 900318 | C111: SENTHIL MURUGAN S | D111: PRODUCTION | E111: BAND BUILDING-P2 | F111: 41000 | G111: =NOW()-F111 | H111: O | I111: U | J111: 10 | K111: 8 | L111: 10 | M111: 8 | O111: =SUM(J111:N111) | P111: =O111/IF(H111="L",20,IF(H111="U",30,IF(H111="O",40,IF(H111="I",20,"")))) | Q111: =IF(AND(H111="L", P111>=50%), "Pass", IF(AND(H111="U", P111>=60%), "Pass", IF(AND(H111="O", P111>=75%), "Pass", "Fail"))) | S111: 16 | T111: 12 | U111: =SUM(S111:T111) | V111: =U111/IF(H111="L",35,IF(H111="U",35,IF(H111="O",35,IF(H111="I",35,"")))) | W111: =IF(AND(H111="L", V111>=50%), "Pass", IF(AND(H111="U", V111>=60%), "Pass", IF(AND(H111="O", V111>=75%), "Pass", "Fail"))) | X111: =IF(AND(Q111="Pass", W111="Pass"), "Pass", "Fail") | Y111: =IF($X111="Pass",$H111, IF(H111="L","I", IF(H111="U","L", IF(H111="O","U", "I"))))
A112: =ROW()-2 | B112: 900319 | C112: RAMESH K | D112: PRODUCTION | E112: BAND BUILDING-P2 | F112: 41000 | G112: =NOW()-F112 | H112: O | I112: U | J112: 10 | K112: 6 | L112: 9 | M112: 6 | O112: =SUM(J112:N112) | P112: =O112/IF(H112="L",20,IF(H112="U",30,IF(H112="O",40,IF(H112="I",20,"")))) | Q112: =IF(AND(H112="L", P112>=50%), "Pass", IF(AND(H112="U", P112>=60%), "Pass", IF(AND(H112="O", P112>=75%), "Pass", "Fail"))) | S112: 16 | T112: 12 | U112: =SUM(S112:T112) | V112: =U112/IF(H112="L",35,IF(H112="U",35,IF(H112="O",35,IF(H112="I",35,"")))) | W112: =IF(AND(H112="L", V112>=50%), "Pass", IF(AND(H112="U", V112>=60%), "Pass", IF(AND(H112="O", V112>=75%), "Pass", "Fail"))) | X112: =IF(AND(Q112="Pass", W112="Pass"), "Pass", "Fail") | Y112: =IF($X112="Pass",$H112, IF(H112="L","I", IF(H112="U","L", IF(H112="O","U", "I"))))
A113: =ROW()-2 | B113: 900320 | C113: ATHI MUTHU P | D113: PRODUCTION | E113: BEAD WINDING | F113: 41000 | G113: =NOW()-F113 | H113: O | I113: U | J113: 8 | K113: 8 | L113: 6 | M113: 6 | O113: =SUM(J113:N113) | P113: =O113/IF(H113="L",20,IF(H113="U",30,IF(H113="O",40,IF(H113="I",20,"")))) | Q113: =IF(AND(H113="L", P113>=50%), "Pass", IF(AND(H113="U", P113>=60%), "Pass", IF(AND(H113="O", P113>=75%), "Pass", "Fail"))) | S113: 16 | T113: 12 | U113: =SUM(S113:T113) | V113: =U113/IF(H113="L",35,IF(H113="U",35,IF(H113="O",35,IF(H113="I",35,"")))) | W113: =IF(AND(H113="L", V113>=50%), "Pass", IF(AND(H113="U", V113>=60%), "Pass", IF(AND(H113="O", V113>=75%), "Pass", "Fail"))) | X113: =IF(AND(Q113="Pass", W113="Pass"), "Pass", "Fail") | Y113: =IF($X113="Pass",$H113, IF(H113="L","I", IF(H113="U","L", IF(H113="O","U", "I"))))
A114: =ROW()-2 | B114: 900321 | C114: NAMBI RAJAN M | D114: PRODUCTION | E114: BIAS CUTTING-4 | F114: 41000 | G114: =NOW()-F114 | H114: O | I114: U | J114: 9 | K114: 6 | L114: 5 | M114: 7 | O114: =SUM(J114:N114) | P114: =O114/IF(H114="L",20,IF(H114="U",30,IF(H114="O",40,IF(H114="I",20,"")))) | Q114: =IF(AND(H114="L", P114>=50%), "Pass", IF(AND(H114="U", P114>=60%), "Pass", IF(AND(H114="O", P114>=75%), "Pass", "Fail"))) | S114: 20 | T114: 15 | U114: =SUM(S114:T114) | V114: =U114/IF(H114="L",35,IF(H114="U",35,IF(H114="O",35,IF(H114="I",35,"")))) | W114: =IF(AND(H114="L", V114>=50%), "Pass", IF(AND(H114="U", V114>=60%), "Pass", IF(AND(H114="O", V114>=75%), "Pass", "Fail"))) | X114: =IF(AND(Q114="Pass", W114="Pass"), "Pass", "Fail") | Y114: =IF($X114="Pass",$H114, IF(H114="L","I", IF(H114="U","L", IF(H114="O","U", "I"))))
A115: =ROW()-2 | B115: 900322 | C115: VENKATACHALAM S | D115: PRODUCTION | E115: BIAS CUTTING-4 | F115: 41000 | G115: =NOW()-F115 | H115: O | I115: U | J115: 9 | K115: 2 | L115: 0 | M115: 5 | O115: =SUM(J115:N115) | P115: =O115/IF(H115="L",20,IF(H115="U",30,IF(H115="O",40,IF(H115="I",20,"")))) | Q115: =IF(AND(H115="L", P115>=50%), "Pass", IF(AND(H115="U", P115>=60%), "Pass", IF(AND(H115="O", P115>=75%), "Pass", "Fail"))) | S115: 18 | T115: 10 | U115: =SUM(S115:T115) | V115: =U115/IF(H115="L",35,IF(H115="U",35,IF(H115="O",35,IF(H115="I",35,"")))) | W115: =IF(AND(H115="L", V115>=50%), "Pass", IF(AND(H115="U", V115>=60%), "Pass", IF(AND(H115="O", V115>=75%), "Pass", "Fail"))) | X115: =IF(AND(Q115="Pass", W115="Pass"), "Pass", "Fail") | Y115: =IF($X115="Pass",$H115, IF(H115="L","I", IF(H115="U","L", IF(H115="O","U", "I"))))
A116: =ROW()-2 | B116: 900323 | C116: MANI KANDAN S | D116: PRODUCTION | E116: BIAS CUTTING-2 | F116: 41000 | G116: =NOW()-F116 | H116: O | I116: O | J116: 10 | K116: 9 | L116: 8 | M116: 9 | O116: =SUM(J116:N116) | P116: =O116/IF(H116="L",20,IF(H116="U",30,IF(H116="O",40,IF(H116="I",20,"")))) | Q116: =IF(AND(H116="L", P116>=50%), "Pass", IF(AND(H116="U", P116>=60%), "Pass", IF(AND(H116="O", P116>=75%), "Pass", "Fail"))) | S116: 17 | T116: 15 | U116: =SUM(S116:T116) | V116: =U116/IF(H116="L",35,IF(H116="U",35,IF(H116="O",35,IF(H116="I",35,"")))) | W116: =IF(AND(H116="L", V116>=50%), "Pass", IF(AND(H116="U", V116>=60%), "Pass", IF(AND(H116="O", V116>=75%), "Pass", "Fail"))) | X116: =IF(AND(Q116="Pass", W116="Pass"), "Pass", "Fail") | Y116: =IF($X116="Pass",$H116, IF(H116="L","I", IF(H116="U","L", IF(H116="O","U", "I"))))
... A139: =ROW()-2 | B139: 900353 | C139: PAL PANDI.C | D139: PRODUCTION | E139: RADIAL MARANGONI | F139: 41000 | G139: =NOW()-F139 | H139: O | I139: O | J139: 9 | K139: 10 | L139: 9 | M139: 10 | O139: =SUM(J139:N139) | P139: =O139/IF(H139="L",20,IF(H139="U",30,IF(H139="O",40,IF(H139="I",20,"")))) | Q139: =IF(AND(H139="L", P139>=50%), "Pass", IF(AND(H139="U", P139>=60%), "Pass", IF(AND(H139="O", P139>=75%), "Pass", "Fail"))) | S139: 16 | T139: 12 | U139: =SUM(S139:T139) | V139: =U139/IF(H139="L",35,IF(H139="U",35,IF(H139="O",35,IF(H139="I",35,"")))) | W139: =IF(AND(H139="L", V139>=50%), "Pass", IF(AND(H139="U", V139>=60%), "Pass", IF(AND(H139="O", V139>=75%), "Pass", "Fail"))) | X139: =IF(AND(Q139="Pass", W139="Pass"), "Pass", "Fail") | Y139: =IF($X139="Pass",$H139, IF(H139="L","I", IF(H139="U","L", IF(H139="O","U", "I"))))
A140: =ROW()-2 | B140: 900354 | C140: ARUMUGAM V | D140: PRODUCTION | E140: MIXING | F140: 41000 | G140: =NOW()-F140 | H140: O | I140: U | J140: NIL | P140: =O140/IF(H140="L",20,IF(H140="U",30,IF(H140="O",40,IF(H140="I",20,"")))) | Q140: =IF(AND(H140="L", P140>=50%), "Pass", IF(AND(H140="U", P140>=60%), "Pass", IF(AND(H140="O", P140>=75%), "Pass", "Fail"))) | S140: 15 | T140: 11 | U140: =SUM(S140:T140) | V140: =U140/IF(H140="L",35,IF(H140="U",35,IF(H140="O",35,IF(H140="I",35,"")))) | W140: =IF(AND(H140="L", V140>=50%), "Pass", IF(AND(H140="U", V140>=60%), "Pass", IF(AND(H140="O", V140>=75%), "Pass", "Fail"))) | X140: =IF(AND(Q140="Pass", W140="Pass"), "Pass", "Fail") | Y140: =IF($X140="Pass",$H140, IF(H140="L","I", IF(H140="U","L", IF(H140="O","U", "I"))))
A141: =ROW()-2 | B141: 900355 | C141: SENTHIL MURUGAN L | D141: PRODUCTION | E141: MIXING | F141: 41000 | G141: =NOW()-F141 | H141: O | I141: U | J141: NIL | P141: =O141/IF(H141="L",20,IF(H141="U",30,IF(H141="O",40,IF(H141="I",20,"")))) | Q141: =IF(AND(H141="L", P141>=50%), "Pass", IF(AND(H141="U", P141>=60%), "Pass", IF(AND(H141="O", P141>=75%), "Pass", "Fail"))) | S141: 13 | T141: 12 | U141: =SUM(S141:T141) | V141: =U141/IF(H141="L",35,IF(H141="U",35,IF(H141="O",35,IF(H141="I",35,"")))) | W141: =IF(AND(H141="L", V141>=50%), "Pass", IF(AND(H141="U", V141>=60%), "Pass", IF(AND(H141="O", V141>=75%), "Pass", "Fail"))) | X141: =IF(AND(Q141="Pass", W141="Pass"), "Pass", "Fail") | Y141: =IF($X141="Pass",$H141, IF(H141="L","I", IF(H141="U","L", IF(H141="O","U", "I"))))
...

Sheet Left
J1: Quest | S1: Gemba
A2: S.NO | B2: EMP NO | C2: NAME | D2: DEPT | E2: SECTION | F2: DOJ | G2: Exp | H2: Eligible skill level | I2: Current skill level 2025 | J2: Safety | K2: Process | L2: Quality | M2: CI & TPM | N2: System | O2: Knowledge Mark | P2: Knowledge % | Q2: Result | S2: Safety/ 5S | T2: SOP's/ WI CHECK | U2: Skill Assessment Mark | V2: Skill Assessment % | W2: Result | X2: Overall Result | Y2: After evaluation Skill level
A3: =ROW()-2 | B3: LN0242 | C3: MUTHU KUTTI A | D3: PRODUCTION | E3: TYRE CURING | F3: 45369 | G3: =NOW()-F3 | H3: U | I3: L | J3: 5 | K3: 4 | L3: 5 | M3: 5 | N3: 4 | O3: =SUM(J3:N3) | P3: =O3/IF(H3="L",20,IF(H3="U",30,IF(H3="O",40,IF(H3="I",20,"")))) | Q3: =IF(AND(H3="L", P3>=50%), "Pass", IF(AND(H3="U", P3>=60%), "Pass", IF(AND(H3="O", P3>=75%), "Pass", "Fail"))) | S3: 17 | T3: 13 | U3: =SUM(S3:T3) | V3: =U3/IF(H3="L",35,IF(H3="U",35,IF(H3="O",35,IF(H3="I",35,"")))) | W3: =IF(AND(H3="L", V3>=50%), "Pass", IF(AND(H3="U", V3>=60%), "Pass", IF(AND(H3="O", V3>=75%), "Pass", "Fail"))) | X3: =IF(AND(Q3="Pass", W3="Pass"), "Pass", "Fail") | Y3: =IF($X3="Pass",$H3, IF(H3="L","I", IF(H3="U","L", IF(H3="O","U", "I")))) | AA3: =VLOOKUP($B3,[1]Sheet1!$B:$B,1,0) | AB3: =VLOOKUP($B3,'[2]Left Employee Report'!$D$5:$D$277,1,0)
A4: =ROW()-2 | B4: AK0426 | C4: GOPI U | D4: PRODUCTION | E4: TYRE BUILDING-P2 | F4: 42493 | G4: =NOW()-F4 | H4: O | I4: U | O4: =SUM(J4:N4) | P4: =O4/IF(H4="L",20,IF(H4="U",30,IF(H4="O",40,IF(H4="I",20,"")))) | Q4: =IF(AND(H4="L", P4>=50%), "Pass", IF(AND(H4="U", P4>=60%), "Pass", IF(AND(H4="O", P4>=75%), "Pass", "Fail"))) | U4: =SUM(S4:T4) | V4: =U4/IF(H4="L",35,IF(H4="U",35,IF(H4="O",35,IF(H4="I",35,"")))) | W4: =IF(AND(H4="L", V4>=50%), "Pass", IF(AND(H4="U", V4>=60%), "Pass", IF(AND(H4="O", V4>=75%), "Pass", "Fail"))) | X4: =IF(AND(Q4="Pass", W4="Pass"), "Pass", "Fail") | Y4: =IF($X4="Pass",$H4, IF(H4="L","I", IF(H4="U","L", IF(H4="O","U", "I")))) | AA4: =VLOOKUP($B4,[1]Sheet1!$B:$B,1,0) | AB4: =VLOOKUP($B4,'[3]Left Employee Report'!$D:$D,1,0)
A5: =ROW()-2 | B5: AK0640 | C5: KARUPPASAMY P | D5: PRODUCTION | E5: TYRE CURING | F5: 41324 | G5: =NOW()-F5 | H5: O | I5: O | O5: =SUM(J5:N5) | P5: =O5/IF(H5="L",20,IF(H5="U",30,IF(H5="O",40,IF(H5="I",20,"")))) | Q5: =IF(AND(H5="L", P5>=50%), "Pass", IF(AND(H5="U", P5>=60%), "Pass", IF(AND(H5="O", P5>=75%), "Pass", "Fail"))) | U5: =SUM(S5:T5) | V5: =U5/IF(H5="L",35,IF(H5="U",35,IF(H5="O",35,IF(H5="I",35,"")))) | W5: =IF(AND(H5="L", V5>=50%), "Pass", IF(AND(H5="U", V5>=60%), "Pass", IF(AND(H5="O", V5>=75%), "Pass", "Fail"))) | X5: =IF(AND(Q5="Pass", W5="Pass"), "Pass", "Fail") | Y5: =IF($X5="Pass",$H5, IF(H5="L","I", IF(H5="U","L", IF(H5="O","U", "I")))) | AA5: =VLOOKUP($B5,[1]Sheet1!$B:$B,1,0) | AB5: =VLOOKUP($B5,'[3]Left Employee Report'!$D:$D,1,0)
A6: =ROW()-2 | B6: AK0696 | C6: SIMAN TAMILARASAN | D6: PRODUCTION | E6: TYRE BUILDING-P2 | F6: 43042 | G6: =NOW()-F6 | H6: O | I6: U | O6: =SUM(J6:N6) | P6: =O6/IF(H6="L",20,IF(H6="U",30,IF(H6="O",40,IF(H6="I",20,"")))) | Q6: =IF(AND(H6="L", P6>=50%), "Pass", IF(AND(H6="U", P6>=60%), "Pass", IF(AND(H6="O", P6>=75%), "Pass", "Fail"))) | U6: =SUM(S6:T6) | V6: =U6/IF(H6="L",35,IF(H6="U",35,IF(H6="O",35,IF(H6="I",35,"")))) | W6: =IF(AND(H6="L", V6>=50%), "Pass", IF(AND(H6="U", V6>=60%), "Pass", IF(AND(H6="O", V6>=75%), "Pass", "Fail"))) | X6: =IF(AND(Q6="Pass", W6="Pass"), "Pass", "Fail") | Y6: =IF($X6="Pass",$H6, IF(H6="L","I", IF(H6="U","L", IF(H6="O","U", "I")))) | AA6: =VLOOKUP($B6,[1]Sheet1!$B:$B,1,0) | AB6: =VLOOKUP($B6,'[3]Left Employee Report'!$D:$D,1,0)
A7: =ROW()-2 | B7: AK0736 | C7: RAMABALAN RAJA | D7: PRODUCTION | E7: TYRE CURING | F7: 43084 | G7: =NOW()-F7 | H7: O | I7: O | O7: =SUM(J7:N7) | P7: =O7/IF(H7="L",20,IF(H7="U",30,IF(H7="O",40,IF(H7="I",20,"")))) | Q7: =IF(AND(H7="L", P7>=50%), "Pass", IF(AND(H7="U", P7>=60%), "Pass", IF(AND(H7="O", P7>=75%), "Pass", "Fail"))) | U7: =SUM(S7:T7) | V7: =U7/IF(H7="L",35,IF(H7="U",35,IF(H7="O",35,IF(H7="I",35,"")))) | W7: =IF(AND(H7="L", V7>=50%), "Pass", IF(AND(H7="U", V7>=60%), "Pass", IF(AND(H7="O", V7>=75%), "Pass", "Fail"))) | X7: =IF(AND(Q7="Pass", W7="Pass"), "Pass", "Fail") | Y7: =IF($X7="Pass",$H7, IF(H7="L","I", IF(H7="U","L", IF(H7="O","U", "I")))) | AA7: =VLOOKUP($B7,[1]Sheet1!$B:$B,1,0) | AB7: =VLOOKUP($B7,'[3]Left Employee Report'!$D:$D,1,0)
A8: =ROW()-2 | B8: AK0739 | C8: VIGNESH VELU | D8: PRODUCTION | E8: TYRE CURING | F8: 43085 | G8: =NOW()-F8 | H8: O | I8: O | O8: =SUM(J8:N8) | P8: =O8/IF(H8="L",20,IF(H8="U",30,IF(H8="O",40,IF(H8="I",20,"")))) | Q8: =IF(AND(H8="L", P8>=50%), "Pass", IF(AND(H8="U", P8>=60%), "Pass", IF(AND(H8="O", P8>=75%), "Pass", "Fail"))) | U8: =SUM(S8:T8) | V8: =U8/IF(H8="L",35,IF(H8="U",35,IF(H8="O",35,IF(H8="I",35,"")))) | W8: =IF(AND(H8="L", V8>=50%), "Pass", IF(AND(H8="U", V8>=60%), "Pass", IF(AND(H8="O", V8>=75%), "Pass", "Fail"))) | X8: =IF(AND(Q8="Pass", W8="Pass"), "Pass", "Fail") | Y8: =IF($X8="Pass",$H8, IF(H8="L","I", IF(H8="U","L", IF(H8="O","U", "I")))) | AA8: =VLOOKUP($B8,[1]Sheet1!$B:$B,1,0) | AB8: =VLOOKUP($B8,'[3]Left Employee Report'!$D:$D,1,0)
A9: =ROW()-2 | B9: AK0810 | C9: DURAI MURUGAN R | D9: PRODUCTION | E9: BEAD WINDING | F9: 43288 | G9: =NOW()-F9 | H9: O | I9: U | O9: =SUM(J9:N9) | P9: =O9/IF(H9="L",20,IF(H9="U",30,IF(H9="O",40,IF(H9="I",20,"")))) | Q9: =IF(AND(H9="L", P9>=50%), "Pass", IF(AND(H9="U", P9>=60%), "Pass", IF(AND(H9="O", P9>=75%), "Pass", "Fail"))) | U9: =SUM(S9:T9) | V9: =U9/IF(H9="L",35,IF(H9="U",35,IF(H9="O",35,IF(H9="I",35,"")))) | W9: =IF(AND(H9="L", V9>=50%), "Pass", IF(AND(H9="U", V9>=60%), "Pass", IF(AND(H9="O", V9>=75%), "Pass", "Fail"))) | X9: =IF(AND(Q9="Pass", W9="Pass"), "Pass", "Fail") | Y9: =IF($X9="Pass",$H9, IF(H9="L","I", IF(H9="U","L", IF(H9="O","U", "I")))) | AA9: =VLOOKUP($B9,[1]Sheet1!$B:$B,1,0) | AB9: =VLOOKUP($B9,'[3]Left Employee Report'!$D:$D,1,0)
A10: =ROW()-2 | B10: AK0825 | C10: KARUPPASAMY P | D10: PRODUCTION | E10: TYRE CURING | F10: 43413 | G10: =NOW()-F10 | H10: O | I10: O | O10: =SUM(J10:N10) | P10: =O10/IF(H10="L",20,IF(H10="U",30,IF(H10="O",40,IF(H10="I",20,"")))) | Q10: =IF(AND(H10="L", P10>=50%), "Pass", IF(AND(H10="U", P10>=60%), "Pass", IF(AND(H10="O", P10>=75%), "Pass", "Fail"))) | U10: =SUM(S10:T10) | V10: =U10/IF(H10="L",35,IF(H10="U",35,IF(H10="O",35,IF(H10="I",35,"")))) | W10: =IF(AND(H10="L", V10>=50%), "Pass", IF(AND(H10="U", V10>=60%), "Pass", IF(AND(H10="O", V10>=75%), "Pass", "Fail"))) | X10: =IF(AND(Q10="Pass", W10="Pass"), "Pass", "Fail") | Y10: =IF($X10="Pass",$H10, IF(H10="L","I", IF(H10="U","L", IF(H10="O","U", "I")))) | AA10: =VLOOKUP($B10,[1]Sheet1!$B:$B,1,0) | AB10: =VLOOKUP($B10,'[3]Left Employee Report'!$D:$D,1,0)
A11: =ROW()-2 | B11: AK1178 | C11: VEYILU MUTHU | D11: PRODUCTION | E11: TYRE CURING | F11: 45678 | G11: =NOW()-F11 | H11: L | I11: L | O11: =SUM(J11:N11) | P11: =O11/IF(H11="L",20,IF(H11="U",30,IF(H11="O",40,IF(H11="I",20,"")))) | Q11: =IF(AND(H11="L", P11>=50%), "Pass", IF(AND(H11="U", P11>=60%), "Pass", IF(AND(H11="O", P11>=75%), "Pass", "Fail"))) | U11: =SUM(S11:T11) | V11: =U11/IF(H11="L",35,IF(H11="U",35,IF(H11="O",35,IF(H11="I",35,"")))) | W11: =IF(AND(H11="L", V11>=50%), "Pass", IF(AND(H11="U", V11>=60%), "Pass", IF(AND(H11="O", V11>=75%), "Pass", "Fail"))) | X11: =IF(AND(Q11="Pass", W11="Pass"), "Pass", "Fail") | Y11: =IF($X11="Pass",$H11, IF(H11="L","I", IF(H11="U","L", IF(H11="O","U", "I")))) | AA11: =VLOOKUP($B11,[1]Sheet1!$B:$B,1,0) | AB11: =VLOOKUP($B11,'[3]Left Employee Report'!$D:$D,1,0)
A12: =ROW()-2 | B12: AK1184 | C12: KANNAN | D12: PRODUCTION | E12: SOLID TYRE | F12: 45684 | G12: =NOW()-F12 | H12: L | I12: L | O12: =SUM(J12:N12) | P12: =O12/IF(H12="L",20,IF(H12="U",30,IF(H12="O",40,IF(H12="I",20,"")))) | Q12: =IF(AND(H12="L", P12>=50%), "Pass", IF(AND(H12="U", P12>=60%), "Pass", IF(AND(H12="O", P12>=75%), "Pass", "Fail"))) | U12: =SUM(S12:T12) | V12: =U12/IF(H12="L",35,IF(H12="U",35,IF(H12="O",35,IF(H12="I",35,"")))) | W12: =IF(AND(H12="L", V12>=50%), "Pass", IF(AND(H12="U", V12>=60%), "Pass", IF(AND(H12="O", V12>=75%), "Pass", "Fail"))) | X12: =IF(AND(Q12="Pass", W12="Pass"), "Pass", "Fail") | Y12: =IF($X12="Pass",$H12, IF(H12="L","I", IF(H12="U","L", IF(H12="O","U", "I")))) | AA12: =VLOOKUP($B12,[1]Sheet1!$B:$B,1,0) | AB12: =VLOOKUP($B12,'[3]Left Employee Report'!$D:$D,1,0)
A13: =ROW()-2 | B13: KK0224 | C13: ASIERVATHARAJ | D13: PRODUCTION | E13: TYRE CURING | F13: 41766 | G13: =NOW()-F13 | H13: O | I13: U | O13: =SUM(J13:N13) | P13: =O13/IF(H13="L",20,IF(H13="U",30,IF(H13="O",40,IF(H13="I",20,"")))) | Q13: =IF(AND(H13="L", P13>=50%), "Pass", IF(AND(H13="U", P13>=60%), "Pass", IF(AND(H13="O", P13>=75%), "Pass", "Fail"))) | U13: =SUM(S13:T13) | V13: =U13/IF(H13="L",35,IF(H13="U",35,IF(H13="O",35,IF(H13="I",35,"")))) | W13: =IF(AND(H13="L", V13>=50%), "Pass", IF(AND(H13="U", V13>=60%), "Pass", IF(AND(H13="O", V13>=75%), "Pass", "Fail"))) | X13: =IF(AND(Q13="Pass", W13="Pass"), "Pass", "Fail") | Y13: =IF($X13="Pass",$H13, IF(H13="L","I", IF(H13="U","L", IF(H13="O","U", "I")))) | AA13: =VLOOKUP($B13,[1]Sheet1!$B:$B,1,0) | AB13: =VLOOKUP($B13,'[3]Left Employee Report'!$D:$D,1,0)
A14: =ROW()-2 | B14: KK0352 | C14: IYAPPAN B | D14: PRODUCTION | E14: TYRE CURING | F14: 42073 | G14: =NOW()-F14 | H14: O | I14: O | O14: =SUM(J14:N14) | P14: =O14/IF(H14="L",20,IF(H14="U",30,IF(H14="O",40,IF(H14="I",20,"")))) | Q14: =IF(AND(H14="L", P14>=50%), "Pass", IF(AND(H14="U", P14>=60%), "Pass", IF(AND(H14="O", P14>=75%), "Pass", "Fail"))) | U14: =SUM(S14:T14) | V14: =U14/IF(H14="L",35,IF(H14="U",35,IF(H14="O",35,IF(H14="I",35,"")))) | W14: =IF(AND(H14="L", V14>=50%), "Pass", IF(AND(H14="U", V14>=60%), "Pass", IF(AND(H14="O", V14>=75%), "Pass", "Fail"))) | X14: =IF(AND(Q14="Pass", W14="Pass"), "Pass", "Fail") | Y14: =IF($X14="Pass",$H14, IF(H14="L","I", IF(H14="U","L", IF(H14="O","U", "I")))) | AA14: =VLOOKUP($B14,[1]Sheet1!$B:$B,1,0) | AB14: =VLOOKUP($B14,'[3]Left Employee Report'!$D:$D,1,0)
A15: =ROW()-2 | B15: KK0361 | C15: AANDI S | D15: PRODUCTION | E15: TYRE BUILDING-P1 | F15: 42108 | G15: =NOW()-F15 | H15: O | I15: O | O15: =SUM(J15:N15) | P15: =O15/IF(H15="L",20,IF(H15="U",30,IF(H15="O",40,IF(H15="I",20,"")))) | Q15: =IF(AND(H15="L", P15>=50%), "Pass", IF(AND(H15="U", P15>=60%), "Pass", IF(AND(H15="O", P15>=75%), "Pass", "Fail"))) | U15: =SUM(S15:T15) | V15: =U15/IF(H15="L",35,IF(H15="U",35,IF(H15="O",35,IF(H15="I",35,"")))) | W15: =IF(AND(H15="L", V15>=50%), "Pass", IF(AND(H15="U", V15>=60%), "Pass", IF(AND(H15="O", V15>=75%), "Pass", "Fail"))) | X15: =IF(AND(Q15="Pass", W15="Pass"), "Pass", "Fail") | Y15: =IF($X15="Pass",$H15, IF(H15="L","I", IF(H15="U","L", IF(H15="O","U", "I")))) | AA15: =VLOOKUP($B15,[1]Sheet1!$B:$B,1,0) | AB15: =VLOOKUP($B15,'[3]Left Employee Report'!$D:$D,1,0)
... A128: =ROW()-2 | B128: SK3602 | C128: MOHAMED PARVESH | D128: PRODUCTION | E128: BAND BUILDING-P1 | F128: 45684 | G128: =NOW()-F128 | H128: L | I128: I | O128: =SUM(J128:N128) | P128: =O128/IF(H128="L",20,IF(H128="U",30,IF(H128="O",40,IF(H128="I",20,"")))) | Q128: =IF(AND(H128="L", P128>=50%), "Pass", IF(AND(H128="U", P128>=60%), "Pass", IF(AND(H128="O", P128>=75%), "Pass", "Fail"))) | U128: =SUM(S128:T128) | V128: =U128/IF(H128="L",35,IF(H128="U",35,IF(H128="O",35,IF(H128="I",35,"")))) | W128: =IF(AND(H128="L", V128>=50%), "Pass", IF(AND(H128="U", V128>=60%), "Pass", IF(AND(H128="O", V128>=75%), "Pass", "Fail"))) | X128: =IF(AND(Q128="Pass", W128="Pass"), "Pass", "Fail") | Y128: =IF($X128="Pass",$H128, IF(H128="L","I", IF(H128="U","L", IF(H128="O","U", "I")))) | AA128: =VLOOKUP($B128,[1]Sheet1!$B:$B,1,0) | AB128: =VLOOKUP($B128,'[3]Left Employee Report'!$D:$D,1,0)
A129: =ROW()-2 | B129: KK0574 | C129: RAJA SELVAM T | D129: PRODUCTION | E129: BAND BUILDING-P2 | F129: 42362 | G129: =NOW()-F129 | H129: O | I129: O | J129: 9 | K129: 10 | L129: 7 | M129: 8 | O129: =SUM(J129:N129) | P129: =O129/IF(H129="L",20,IF(H129="U",30,IF(H129="O",40,IF(H129="I",20,"")))) | Q129: =IF(AND(H129="L", P129>=50%), "Pass", IF(AND(H129="U", P129>=60%), "Pass", IF(AND(H129="O", P129>=75%), "Pass", "Fail"))) | U129: =SUM(S129:T129) | V129: =U129/IF(H129="L",35,IF(H129="U",35,IF(H129="O",35,IF(H129="I",35,"")))) | W129: =IF(AND(H129="L", V129>=50%), "Pass", IF(AND(H129="U", V129>=60%), "Pass", IF(AND(H129="O", V129>=75%), "Pass", "Fail"))) | X129: =IF(AND(Q129="Pass", W129="Pass"), "Pass", "Fail") | Y129: =IF($X129="Pass",$H129, IF(H129="L","I", IF(H129="U","L", IF(H129="O","U", "I")))) | AA129: =VLOOKUP($B129,[1]Sheet1!$B:$B,1,0) | AB129: =VLOOKUP($B129,'[3]Left Employee Report'!$D:$D,1,0)
A130: =ROW()-2 | B130: SK3635 | C130: ESAKKIRAJA T | D130: PRODUCTION | E130: BAND BUILDING-P2 | F130: 45789 | G130: =NOW()-F130 | H130: I | I130: I | O130: =SUM(J130:N130) | P130: =O130/IF(H130="L",20,IF(H130="U",30,IF(H130="O",40,IF(H130="I",20,"")))) | Q130: =IF(AND(H130="L", P130>=50%), "Pass", IF(AND(H130="U", P130>=60%), "Pass", IF(AND(H130="O", P130>=75%), "Pass", "Fail"))) | U130: =SUM(S130:T130) | V130: =U130/IF(H130="L",35,IF(H130="U",35,IF(H130="O",35,IF(H130="I",35,"")))) | W130: =IF(AND(H130="L", V130>=50%), "Pass", IF(AND(H130="U", V130>=60%), "Pass", IF(AND(H130="O", V130>=75%), "Pass", "Fail"))) | X130: =IF(AND(Q130="Pass", W130="Pass"), "Pass", "Fail") | Y130: =IF($X130="Pass",$H130, IF(H130="L","I", IF(H130="U","L", IF(H130="O","U", "I")))) | AA130: =VLOOKUP($B130,[1]Sheet1!$B:$B,1,0) | AB130: =VLOOKUP($B130,'[3]Left Employee Report'!$D:$D,1,0)
A131: =ROW()-2 | B131: SR1464 | C131: ESAKKIRAJA S | D131: PRODUCTION | E131: BAND BUILDING-P2 | F131: 45789 | G131: =NOW()-F131 | H131: I | I131: I | O131: =SUM(J131:N131) | P131: =O131/IF(H131="L",20,IF(H131="U",30,IF(H131="O",40,IF(H131="I",20,"")))) | Q131: =IF(AND(H131="L", P131>=50%), "Pass", IF(AND(H131="U", P131>=60%), "Pass", IF(AND(H131="O", P131>=75%), "Pass", "Fail"))) | U131: =SUM(S131:T131) | V131: =U131/IF(H131="L",35,IF(H131="U",35,IF(H131="O",35,IF(H131="I",35,"")))) | W131: =IF(AND(H131="L", V131>=50%), "Pass", IF(AND(H131="U", V131>=60%), "Pass", IF(AND(H131="O", V131>=75%), "Pass", "Fail"))) | X131: =IF(AND(Q131="Pass", W131="Pass"), "Pass", "Fail") | Y131: =IF($X131="Pass",$H131, IF(H131="L","I", IF(H131="U","L", IF(H131="O","U", "I")))) | AA131: =VLOOKUP($B131,[1]Sheet1!$B:$B,1,0) | AB131: =VLOOKUP($B131,'[3]Left Employee Report'!$D:$D,1,0)
A132: =ROW()-2 | B132: LN0800 | C132: KANNAN S | D132: PRODUCTION | E132: BEAD WINDING | F132: 45754 | G132: =NOW()-F132 | H132: I | I132: I | O132: =SUM(J132:N132) | P132: =O132/IF(H132="L",20,IF(H132="U",30,IF(H132="O",40,IF(H132="I",20,"")))) | Q132: =IF(AND(H132="L", P132>=50%), "Pass", IF(AND(H132="U", P132>=60%), "Pass", IF(AND(H132="O", P132>=75%), "Pass", "Fail"))) | U132: =SUM(S132:T132) | V132: =U132/IF(H132="L",35,IF(H132="U",35,IF(H132="O",35,IF(H132="I",35,"")))) | W132: =IF(AND(H132="L", V132>=50%), "Pass", IF(AND(H132="U", V132>=60%), "Pass", IF(AND(H132="O", V132>=75%), "Pass", "Fail"))) | X132: =IF(AND(Q132="Pass", W132="Pass"), "Pass", "Fail") | Y132: =IF($X132="Pass",$H132, IF(H132="L","I", IF(H132="U","L", IF(H132="O","U", "I")))) | AA132: =VLOOKUP($B132,[1]Sheet1!$B:$B,1,0) | AB132: =VLOOKUP($B132,'[3]Left Employee Report'!$D:$D,1,0)
A133: =ROW()-2 | B133: PK1593 | C133: TAMILSELVAN T | D133: PRODUCTION | E133: BEAD WINDING | F133: 45797 | G133: =NOW()-F133 | H133: I | I133: I | O133: =SUM(J133:N133) | P133: =O133/IF(H133="L",20,IF(H133="U",30,IF(H133="O",40,IF(H133="I",20,"")))) | Q133: =IF(AND(H133="L", P133>=50%), "Pass", IF(AND(H133="U", P133>=60%), "Pass", IF(AND(H133="O", P133>=75%), "Pass", "Fail"))) | U133: =SUM(S133:T133) | V133: =U133/IF(H133="L",35,IF(H133="U",35,IF(H133="O",35,IF(H133="I",35,"")))) | W133: =IF(AND(H133="L", V133>=50%), "Pass", IF(AND(H133="U", V133>=60%), "Pass", IF(AND(H133="O", V133>=75%), "Pass", "Fail"))) | X133: =IF(AND(Q133="Pass", W133="Pass"), "Pass", "Fail") | Y133: =IF($X133="Pass",$H133, IF(H133="L","I", IF(H133="U","L", IF(H133="O","U", "I")))) | AA133: =VLOOKUP($B133,[1]Sheet1!$B:$B,1,0) | AB133: =VLOOKUP($B133,'[3]Left Employee Report'!$D:$D,1,0)
A134: =ROW()-2 | B134: SK3680 | C134: MANIKANDAN A | D134: PRODUCTION | E134: BEAD WINDING | F134: 45817 | G134: =NOW()-F134 | H134: I | I134: I | O134: =SUM(J134:N134) | P134: =O134/IF(H134="L",20,IF(H134="U",30,IF(H134="O",40,IF(H134="I",20,"")))) | Q134: =IF(AND(H134="L", P134>=50%), "Pass", IF(AND(H134="U", P134>=60%), "Pass", IF(AND(H134="O", P134>=75%), "Pass", "Fail"))) | U134: =SUM(S134:T134) | V134: =U134/IF(H134="L",35,IF(H134="U",35,IF(H134="O",35,IF(H134="I",35,"")))) | W134: =IF(AND(H134="L", V134>=50%), "Pass", IF(AND(H134="U", V134>=60%), "Pass", IF(AND(H134="O", V134>=75%), "Pass", "Fail"))) | X134: =IF(AND(Q134="Pass", W134="Pass"), "Pass", "Fail") | Y134: =IF($X134="Pass",$H134, IF(H134="L","I", IF(H134="U","L", IF(H134="O","U", "I")))) | AA134: =VLOOKUP($B134,[1]Sheet1!$B:$B,1,0) | AB134: =VLOOKUP($B134,'[3]Left Employee Report'!$D:$D,1,0)
A135: =ROW()-2 | B135: SR1501 | C135: HARIHARA SUDHAN K | D135: PRODUCTION | E135: BEAD WINDING | F135: 45831 | G135: =NOW()-F135 | H135: I | I135: I | O135: =SUM(J135:N135) | P135: =O135/IF(H135="L",20,IF(H135="U",30,IF(H135="O",40,IF(H135="I",20,"")))) | Q135: =IF(AND(H135="L", P135>=50%), "Pass", IF(AND(H135="U", P135>=60%), "Pass", IF(AND(H135="O", P135>=75%), "Pass", "Fail"))) | U135: =SUM(S135:T135) | V135: =U135/IF(H135="L",35,IF(H135="U",35,IF(H135="O",35,IF(H135="I",35,"")))) | W135: =IF(AND(H135="L", V135>=50%), "Pass", IF(AND(H135="U", V135>=60%), "Pass", IF(AND(H135="O", V135>=75%), "Pass", "Fail"))) | X135: =IF(AND(Q135="Pass", W135="Pass"), "Pass", "Fail") | Y135: =IF($X135="Pass",$H135, IF(H135="L","I", IF(H135="U","L", IF(H135="O","U", "I")))) | AA135: =VLOOKUP($B135,[1]Sheet1!$B:$B,1,0) | AB135: =VLOOKUP($B135,'[3]Left Employee Report'!$D:$D,1,0)
A136: =ROW()-2 | B136: MG1606 | C136: SUBASH | D136: PRODUCTION | E136: BIAS CUTTING-1 | F136: 45791 | G136: =NOW()-F136 | H136: I | I136: I | O136: =SUM(J136:N136) | P136: =O136/IF(H136="L",20,IF(H136="U",30,IF(H136="O",40,IF(H136="I",20,"")))) | Q136: =IF(AND(H136="L", P136>=50%), "Pass", IF(AND(H136="U", P136>=60%), "Pass", IF(AND(H136="O", P136>=75%), "Pass", "Fail"))) | U136: =SUM(S136:T136) | V136: =U136/IF(H136="L",35,IF(H136="U",35,IF(H136="O",35,IF(H136="I",35,"")))) | W136: =IF(AND(H136="L", V136>=50%), "Pass", IF(AND(H136="U", V136>=60%), "Pass", IF(AND(H136="O", V136>=75%), "Pass", "Fail"))) | X136: =IF(AND(Q136="Pass", W136="Pass"), "Pass", "Fail") | Y136: =IF($X136="Pass",$H136, IF(H136="L","I", IF(H136="U","L", IF(H136="O","U", "I")))) | AA136: =VLOOKUP($B136,[1]Sheet1!$B:$B,1,0) | AB136: =VLOOKUP($B136,'[3]Left Employee Report'!$D:$D,1,0)
A137: =ROW()-2 | B137: KK1494 | C137: FRANCIS BALAN X | D137: PRODUCTION | E137: BIAS CUTTING-4 | F137: 45791 | G137: =NOW()-F137 | H137: I | I137: I | O137: =SUM(J137:N137) | P137: =O137/IF(H137="L",20,IF(H137="U",30,IF(H137="O",40,IF(H137="I",20,"")))) | Q137: =IF(AND(H137="L", P137>=50%), "Pass", IF(AND(H137="U", P137>=60%), "Pass", IF(AND(H137="O", P137>=75%), "Pass", "Fail"))) | U137: =SUM(S137:T137) | V137: =U137/IF(H137="L",35,IF(H137="U",35,IF(H137="O",35,IF(H137="I",35,"")))) | W137: =IF(AND(H137="L", V137>=50%), "Pass", IF(AND(H137="U", V137>=60%), "Pass", IF(AND(H137="O", V137>=75%), "Pass", "Fail"))) | X137: =IF(AND(Q137="Pass", W137="Pass"), "Pass", "Fail") | Y137: =IF($X137="Pass",$H137, IF(H137="L","I", IF(H137="U","L", IF(H137="O","U", "I")))) | AA137: =VLOOKUP($B137,[1]Sheet1!$B:$B,1,0) | AB137: =VLOOKUP($B137,'[3]Left Employee Report'!$D:$D,1,0)
A138: =ROW()-2 | B138: SK3694 | C138: RAMESH V | D138: PRODUCTION | E138: BIAS CUTTING-4 | F138: 45831 | G138: =NOW()-F138 | H138: I | I138: I | O138: =SUM(J138:N138) | P138: =O138/IF(H138="L",20,IF(H138="U",30,IF(H138="O",40,IF(H138="I",20,"")))) | Q138: =IF(AND(H138="L", P138>=50%), "Pass", IF(AND(H138="U", P138>=60%), "Pass", IF(AND(H138="O", P138>=75%), "Pass", "Fail"))) | U138: =SUM(S138:T138) | V138: =U138/IF(H138="L",35,IF(H138="U",35,IF(H138="O",35,IF(H138="I",35,"")))) | W138: =IF(AND(H138="L", V138>=50%), "Pass", IF(AND(H138="U", V138>=60%), "Pass", IF(AND(H138="O", V138>=75%), "Pass", "Fail"))) | X138: =IF(AND(Q138="Pass", W138="Pass"), "Pass", "Fail") | Y138: =IF($X138="Pass",$H138, IF(H138="L","I", IF(H138="U","L", IF(H138="O","U", "I")))) | AA138: =VLOOKUP($B138,[1]Sheet1!$B:$B,1,0) | AB138: =VLOOKUP($B138,'[3]Left Employee Report'!$D:$D,1,0)
A139: =ROW()-2 | B139: LN0897 | C139: CHINNADURAI R | D139: PRODUCTION | E139: EXTRUDER | F139: 45811 | G139: =NOW()-F139 | H139: I | I139: I | O139: =SUM(J139:N139) | P139: =O139/IF(H139="L",20,IF(H139="U",30,IF(H139="O",40,IF(H139="I",20,"")))) | Q139: =IF(AND(H139="L", P139>=50%), "Pass", IF(AND(H139="U", P139>=60%), "Pass", IF(AND(H139="O", P139>=75%), "Pass", "Fail"))) | U139: =SUM(S139:T139) | V139: =U139/IF(H139="L",35,IF(H139="U",35,IF(H139="O",35,IF(H139="I",35,"")))) | W139: =IF(AND(H139="L", V139>=50%), "Pass", IF(AND(H139="U", V139>=60%), "Pass", IF(AND(H139="O", V139>=75%), "Pass", "Fail"))) | X139: =IF(AND(Q139="Pass", W139="Pass"), "Pass", "Fail") | Y139: =IF($X139="Pass",$H139, IF(H139="L","I", IF(H139="U","L", IF(H139="O","U", "I")))) | AA139: =VLOOKUP($B139,[1]Sheet1!$B:$B,1,0) | AB139: =VLOOKUP($B139,'[3]Left Employee Report'!$D:$D,1,0)
A140: =ROW()-2 | B140: SK3644 | C140: CHIDAMBARAM C | D140: PRODUCTION | E140: MIXING | F140: 45796 | G140: =NOW()-F140 | H140: I | I140: I | O140: =SUM(J140:N140) | P140: =O140/IF(H140="L",20,IF(H140="U",30,IF(H140="O",40,IF(H140="I",20,"")))) | Q140: =IF(AND(H140="L", P140>=50%), "Pass", IF(AND(H140="U", P140>=60%), "Pass", IF(AND(H140="O", P140>=75%), "Pass", "Fail"))) | U140: =SUM(S140:T140) | V140: =U140/IF(H140="L",35,IF(H140="U",35,IF(H140="O",35,IF(H140="I",35,"")))) | W140: =IF(AND(H140="L", V140>=50%), "Pass", IF(AND(H140="U", V140>=60%), "Pass", IF(AND(H140="O", V140>=75%), "Pass", "Fail"))) | X140: =IF(AND(Q140="Pass", W140="Pass"), "Pass", "Fail") | Y140: =IF($X140="Pass",$H140, IF(H140="L","I", IF(H140="U","L", IF(H140="O","U", "I")))) | AA140: =VLOOKUP($B140,[1]Sheet1!$B:$B,1,0) | AB140: =VLOOKUP($B140,'[3]Left Employee Report'!$D:$D,1,0)
A141: =ROW()-2 | B141: LN0805 | C141: MURUGAN S | D141: PRODUCTION | E141: SOLID TYRE | F141: 45754 | G141: =NOW()-F141 | H141: I | I141: I | O141: =SUM(J141:N141) | P141: =O141/IF(H141="L",20,IF(H141="U",30,IF(H141="O",40,IF(H141="I",20,"")))) | Q141: =IF(AND(H141="L", P141>=50%), "Pass", IF(AND(H141="U", P141>=60%), "Pass", IF(AND(H141="O", P141>=75%), "Pass", "Fail"))) | U141: =SUM(S141:T141) | V141: =U141/IF(H141="L",35,IF(H141="U",35,IF(H141="O",35,IF(H141="I",35,"")))) | W141: =IF(AND(H141="L", V141>=50%), "Pass", IF(AND(H141="U", V141>=60%), "Pass", IF(AND(H141="O", V141>=75%), "Pass", "Fail"))) | X141: =IF(AND(Q141="Pass", W141="Pass"), "Pass", "Fail") | Y141: =IF($X141="Pass",$H141, IF(H141="L","I", IF(H141="U","L", IF(H141="O","U", "I")))) | AA141: =VLOOKUP($B141,[1]Sheet1!$B:$B,1,0) | AB141: =VLOOKUP($B141,'[3]Left Employee Report'!$D:$D,1,0)
... A168: =ROW()-2 | B168: SR1502 | C168: BALA B | D168: PRODUCTION | E168: TYRE BUILDING-P3 | F168: 45831 | G168: =NOW()-F168 | H168: I | I168: I | O168: =SUM(J168:N168) | P168: =O168/IF(H168="L",20,IF(H168="U",30,IF(H168="O",40,IF(H168="I",20,"")))) | Q168: =IF(AND(H168="L", P168>=50%), "Pass", IF(AND(H168="U", P168>=60%), "Pass", IF(AND(H168="O", P168>=75%), "Pass", "Fail"))) | U168: =SUM(S168:T168) | V168: =U168/IF(H168="L",35,IF(H168="U",35,IF(H168="O",35,IF(H168="I",35,"")))) | W168: =IF(AND(H168="L", V168>=50%), "Pass", IF(AND(H168="U", V168>=60%), "Pass", IF(AND(H168="O", V168>=75%), "Pass", "Fail"))) | X168: =IF(AND(Q168="Pass", W168="Pass"), "Pass", "Fail") | Y168: =IF($X168="Pass",$H168, IF(H168="L","I", IF(H168="U","L", IF(H168="O","U", "I")))) | AA168: =VLOOKUP($B168,[1]Sheet1!$B:$B,1,0) | AB168: =VLOOKUP($B168,'[3]Left Employee Report'!$D:$D,1,0)
A169: =ROW()-2 | B169: 900215 | C169: MUNAMKONDAN P | D169: PRODUCTION | E169: TYRE CURING | F169: 40634 | G169: =NOW()-F169 | H169: O | I169: O | O169: =SUM(J169:N169) | P169: =O169/IF(H169="L",20,IF(H169="U",30,IF(H169="O",40,IF(H169="I",20,"")))) | Q169: =IF(AND(H169="L", P169>=50%), "Pass", IF(AND(H169="U", P169>=60%), "Pass", IF(AND(H169="O", P169>=75%), "Pass", "Fail"))) | U169: =SUM(S169:T169) | V169: =U169/IF(H169="L",35,IF(H169="U",35,IF(H169="O",35,IF(H169="I",35,"")))) | W169: =IF(AND(H169="L", V169>=50%), "Pass", IF(AND(H169="U", V169>=60%), "Pass", IF(AND(H169="O", V169>=75%), "Pass", "Fail"))) | X169: =IF(AND(Q169="Pass", W169="Pass"), "Pass", "Fail") | Y169: =IF($X169="Pass",$H169, IF(H169="L","I", IF(H169="U","L", IF(H169="O","U", "I")))) | AA169: =VLOOKUP($B169,[1]Sheet1!$B:$B,1,0) | AB169: =VLOOKUP($B169,'[3]Left Employee Report'!$D:$D,1,0)
A170: =ROW()-2 | B170: KK1499 | C170: ARAVINTH M | D170: PRODUCTION | E170: TYRE CURING | F170: 45803 | G170: =NOW()-F170 | H170: I | I170: I | O170: =SUM(J170:N170) | P170: =O170/IF(H170="L",20,IF(H170="U",30,IF(H170="O",40,IF(H170="I",20,"")))) | Q170: =IF(AND(H170="L", P170>=50%), "Pass", IF(AND(H170="U", P170>=60%), "Pass", IF(AND(H170="O", P170>=75%), "Pass", "Fail"))) | U170: =SUM(S170:T170) | V170: =U170/IF(H170="L",35,IF(H170="U",35,IF(H170="O",35,IF(H170="I",35,"")))) | W170: =IF(AND(H170="L", V170>=50%), "Pass", IF(AND(H170="U", V170>=60%), "Pass", IF(AND(H170="O", V170>=75%), "Pass", "Fail"))) | X170: =IF(AND(Q170="Pass", W170="Pass"), "Pass", "Fail") | Y170: =IF($X170="Pass",$H170, IF(H170="L","I", IF(H170="U","L", IF(H170="O","U", "I")))) | AA170: =VLOOKUP($B170,[1]Sheet1!$B:$B,1,0) | AB170: =VLOOKUP($B170,'[3]Left Employee Report'!$D:$D,1,0)
A171: =ROW()-2 | B171: KK1507 | C171: MUGESH M | D171: PRODUCTION | E171: TYRE CURING | F171: 45831 | G171: =NOW()-F171 | H171: I | I171: I | O171: =SUM(J171:N171) | P171: =O171/IF(H171="L",20,IF(H171="U",30,IF(H171="O",40,IF(H171="I",20,"")))) | Q171: =IF(AND(H171="L", P171>=50%), "Pass", IF(AND(H171="U", P171>=60%), "Pass", IF(AND(H171="O", P171>=75%), "Pass", "Fail"))) | U171: =SUM(S171:T171) | V171: =U171/IF(H171="L",35,IF(H171="U",35,IF(H171="O",35,IF(H171="I",35,"")))) | W171: =IF(AND(H171="L", V171>=50%), "Pass", IF(AND(H171="U", V171>=60%), "Pass", IF(AND(H171="O", V171>=75%), "Pass", "Fail"))) | X171: =IF(AND(Q171="Pass", W171="Pass"), "Pass", "Fail") | Y171: =IF($X171="Pass",$H171, IF(H171="L","I", IF(H171="U","L", IF(H171="O","U", "I")))) | AA171: =VLOOKUP($B171,[1]Sheet1!$B:$B,1,0) | AB171: =VLOOKUP($B171,'[3]Left Employee Report'!$D:$D,1,0)
A172: =ROW()-2 | B172: LN0625 | C172: CHINNA JAI SRI RAM M | D172: PRODUCTION | E172: TYRE CURING | F172: 45631 | G172: =NOW()-F172 | H172: L | I172: L | O172: =SUM(J172:N172) | P172: =O172/IF(H172="L",20,IF(H172="U",30,IF(H172="O",40,IF(H172="I",20,"")))) | Q172: =IF(AND(H172="L", P172>=50%), "Pass", IF(AND(H172="U", P172>=60%), "Pass", IF(AND(H172="O", P172>=75%), "Pass", "Fail"))) | U172: =SUM(S172:T172) | V172: =U172/IF(H172="L",35,IF(H172="U",35,IF(H172="O",35,IF(H172="I",35,"")))) | W172: =IF(AND(H172="L", V172>=50%), "Pass", IF(AND(H172="U", V172>=60%), "Pass", IF(AND(H172="O", V172>=75%), "Pass", "Fail"))) | X172: =IF(AND(Q172="Pass", W172="Pass"), "Pass", "Fail") | Y172: =IF($X172="Pass",$H172, IF(H172="L","I", IF(H172="U","L", IF(H172="O","U", "I")))) | AA172: =VLOOKUP($B172,[1]Sheet1!$B:$B,1,0) | AB172: =VLOOKUP($B172,'[3]Left Employee Report'!$D:$D,1,0)
A173: =ROW()-2 | B173: LN0833 | C173: KARTHIK | D173: PRODUCTION | E173: TYRE CURING | F173: 45768 | G173: =NOW()-F173 | H173: I | I173: I | O173: =SUM(J173:N173) | P173: =O173/IF(H173="L",20,IF(H173="U",30,IF(H173="O",40,IF(H173="I",20,"")))) | Q173: =IF(AND(H173="L", P173>=50%), "Pass", IF(AND(H173="U", P173>=60%), "Pass", IF(AND(H173="O", P173>=75%), "Pass", "Fail"))) | U173: =SUM(S173:T173) | V173: =U173/IF(H173="L",35,IF(H173="U",35,IF(H173="O",35,IF(H173="I",35,"")))) | W173: =IF(AND(H173="L", V173>=50%), "Pass", IF(AND(H173="U", V173>=60%), "Pass", IF(AND(H173="O", V173>=75%), "Pass", "Fail"))) | X173: =IF(AND(Q173="Pass", W173="Pass"), "Pass", "Fail") | Y173: =IF($X173="Pass",$H173, IF(H173="L","I", IF(H173="U","L", IF(H173="O","U", "I")))) | AA173: =VLOOKUP($B173,[1]Sheet1!$B:$B,1,0) | AB173: =VLOOKUP($B173,'[3]Left Employee Report'!$D:$D,1,0)
A174: =ROW()-2 | B174: LN0906 | C174: GANESH M | D174: PRODUCTION | E174: TYRE CURING | F174: 45820 | G174: =NOW()-F174 | H174: I | I174: I | O174: =SUM(J174:N174) | P174: =O174/IF(H174="L",20,IF(H174="U",30,IF(H174="O",40,IF(H174="I",20,"")))) | Q174: =IF(AND(H174="L", P174>=50%), "Pass", IF(AND(H174="U", P174>=60%), "Pass", IF(AND(H174="O", P174>=75%), "Pass", "Fail"))) | U174: =SUM(S174:T174) | V174: =U174/IF(H174="L",35,IF(H174="U",35,IF(H174="O",35,IF(H174="I",35,"")))) | W174: =IF(AND(H174="L", V174>=50%), "Pass", IF(AND(H174="U", V174>=60%), "Pass", IF(AND(H174="O", V174>=75%), "Pass", "Fail"))) | X174: =IF(AND(Q174="Pass", W174="Pass"), "Pass", "Fail") | Y174: =IF($X174="Pass",$H174, IF(H174="L","I", IF(H174="U","L", IF(H174="O","U", "I")))) | AA174: =VLOOKUP($B174,[1]Sheet1!$B:$B,1,0) | AB174: =VLOOKUP($B174,'[3]Left Employee Report'!$D:$D,1,0)
A175: =ROW()-2 | B175: PK0227 | C175: ESAKKIMUTHU M | D175: PRODUCTION | E175: TYRE CURING | F175: 41861 | G175: =NOW()-F175 | H175: O | I175: U | O175: =SUM(J175:N175) | P175: =O175/IF(H175="L",20,IF(H175="U",30,IF(H175="O",40,IF(H175="I",20,"")))) | Q175: =IF(AND(H175="L", P175>=50%), "Pass", IF(AND(H175="U", P175>=60%), "Pass", IF(AND(H175="O", P175>=75%), "Pass", "Fail"))) | U175: =SUM(S175:T175) | V175: =U175/IF(H175="L",35,IF(H175="U",35,IF(H175="O",35,IF(H175="I",35,"")))) | W175: =IF(AND(H175="L", V175>=50%), "Pass", IF(AND(H175="U", V175>=60%), "Pass", IF(AND(H175="O", V175>=75%), "Pass", "Fail"))) | X175: =IF(AND(Q175="Pass", W175="Pass"), "Pass", "Fail") | Y175: =IF($X175="Pass",$H175, IF(H175="L","I", IF(H175="U","L", IF(H175="O","U", "I")))) | AA175: =VLOOKUP($B175,[1]Sheet1!$B:$B,1,0) | AB175: =VLOOKUP($B175,'[3]Left Employee Report'!$D:$D,1,0)
A176: =ROW()-2 | B176: PK1448 | C176: ARUMUGAKANI M | D176: PRODUCTION | E176: TYRE CURING | F176: 44980 | G176: =NOW()-F176 | H176: U | I176: U | O176: =SUM(J176:N176) | P176: =O176/IF(H176="L",20,IF(H176="U",30,IF(H176="O",40,IF(H176="I",20,"")))) | Q176: =IF(AND(H176="L", P176>=50%), "Pass", IF(AND(H176="U", P176>=60%), "Pass", IF(AND(H176="O", P176>=75%), "Pass", "Fail"))) | U176: =SUM(S176:T176) | V176: =U176/IF(H176="L",35,IF(H176="U",35,IF(H176="O",35,IF(H176="I",35,"")))) | W176: =IF(AND(H176="L", V176>=50%), "Pass", IF(AND(H176="U", V176>=60%), "Pass", IF(AND(H176="O", V176>=75%), "Pass", "Fail"))) | X176: =IF(AND(Q176="Pass", W176="Pass"), "Pass", "Fail") | Y176: =IF($X176="Pass",$H176, IF(H176="L","I", IF(H176="U","L", IF(H176="O","U", "I")))) | AA176: =VLOOKUP($B176,[1]Sheet1!$B:$B,1,0) | AB176: =VLOOKUP($B176,'[3]Left Employee Report'!$D:$D,1,0)
A177: =ROW()-2 | B177: PK1602 | C177: BINOD ORAON | D177: PRODUCTION | E177: TYRE CURING | F177: 45815 | G177: =NOW()-F177 | H177: I | I177: I | O177: =SUM(J177:N177) | P177: =O177/IF(H177="L",20,IF(H177="U",30,IF(H177="O",40,IF(H177="I",20,"")))) | Q177: =IF(AND(H177="L", P177>=50%), "Pass", IF(AND(H177="U", P177>=60%), "Pass", IF(AND(H177="O", P177>=75%), "Pass", "Fail"))) | U177: =SUM(S177:T177) | V177: =U177/IF(H177="L",35,IF(H177="U",35,IF(H177="O",35,IF(H177="I",35,"")))) | W177: =IF(AND(H177="L", V177>=50%), "Pass", IF(AND(H177="U", V177>=60%), "Pass", IF(AND(H177="O", V177>=75%), "Pass", "Fail"))) | X177: =IF(AND(Q177="Pass", W177="Pass"), "Pass", "Fail") | Y177: =IF($X177="Pass",$H177, IF(H177="L","I", IF(H177="U","L", IF(H177="O","U", "I")))) | AA177: =VLOOKUP($B177,[1]Sheet1!$B:$B,1,0) | AB177: =VLOOKUP($B177,'[3]Left Employee Report'!$D:$D,1,0)
A178: =ROW()-2 | B178: PK1607 | C178: RIGA ORAON | D178: PRODUCTION | E178: TYRE CURING | F178: 45815 | G178: =NOW()-F178 | H178: I | I178: I | O178: =SUM(J178:N178) | P178: =O178/IF(H178="L",20,IF(H178="U",30,IF(H178="O",40,IF(H178="I",20,"")))) | Q178: =IF(AND(H178="L", P178>=50%), "Pass", IF(AND(H178="U", P178>=60%), "Pass", IF(AND(H178="O", P178>=75%), "Pass", "Fail"))) | U178: =SUM(S178:T178) | V178: =U178/IF(H178="L",35,IF(H178="U",35,IF(H178="O",35,IF(H178="I",35,"")))) | W178: =IF(AND(H178="L", V178>=50%), "Pass", IF(AND(H178="U", V178>=60%), "Pass", IF(AND(H178="O", V178>=75%), "Pass", "Fail"))) | X178: =IF(AND(Q178="Pass", W178="Pass"), "Pass", "Fail") | Y178: =IF($X178="Pass",$H178, IF(H178="L","I", IF(H178="U","L", IF(H178="O","U", "I")))) | AA178: =VLOOKUP($B178,[1]Sheet1!$B:$B,1,0) | AB178: =VLOOKUP($B178,'[3]Left Employee Report'!$D:$D,1,0)
A179: =ROW()-2 | B179: PK1608 | C179: SANDIP ORAON | D179: PRODUCTION | E179: TYRE CURING | F179: 45815 | G179: =NOW()-F179 | H179: I | I179: I | O179: =SUM(J179:N179) | P179: =O179/IF(H179="L",20,IF(H179="U",30,IF(H179="O",40,IF(H179="I",20,"")))) | Q179: =IF(AND(H179="L", P179>=50%), "Pass", IF(AND(H179="U", P179>=60%), "Pass", IF(AND(H179="O", P179>=75%), "Pass", "Fail"))) | U179: =SUM(S179:T179) | V179: =U179/IF(H179="L",35,IF(H179="U",35,IF(H179="O",35,IF(H179="I",35,"")))) | W179: =IF(AND(H179="L", V179>=50%), "Pass", IF(AND(H179="U", V179>=60%), "Pass", IF(AND(H179="O", V179>=75%), "Pass", "Fail"))) | X179: =IF(AND(Q179="Pass", W179="Pass"), "Pass", "Fail") | Y179: =IF($X179="Pass",$H179, IF(H179="L","I", IF(H179="U","L", IF(H179="O","U", "I")))) | AA179: =VLOOKUP($B179,[1]Sheet1!$B:$B,1,0) | AB179: =VLOOKUP($B179,'[3]Left Employee Report'!$D:$D,1,0)
A180: =ROW()-2 | B180: PK1632 | C180: NAVANEETHAN | D180: PRODUCTION | E180: TYRE CURING | F180: 45832 | G180: =NOW()-F180 | H180: I | I180: I | O180: =SUM(J180:N180) | P180: =O180/IF(H180="L",20,IF(H180="U",30,IF(H180="O",40,IF(H180="I",20,"")))) | Q180: =IF(AND(H180="L", P180>=50%), "Pass", IF(AND(H180="U", P180>=60%), "Pass", IF(AND(H180="O", P180>=75%), "Pass", "Fail"))) | U180: =SUM(S180:T180) | V180: =U180/IF(H180="L",35,IF(H180="U",35,IF(H180="O",35,IF(H180="I",35,"")))) | W180: =IF(AND(H180="L", V180>=50%), "Pass", IF(AND(H180="U", V180>=60%), "Pass", IF(AND(H180="O", V180>=75%), "Pass", "Fail"))) | X180: =IF(AND(Q180="Pass", W180="Pass"), "Pass", "Fail") | Y180: =IF($X180="Pass",$H180, IF(H180="L","I", IF(H180="U","L", IF(H180="O","U", "I")))) | AA180: =VLOOKUP($B180,[1]Sheet1!$B:$B,1,0) | AB180: =VLOOKUP($B180,'[3]Left Employee Report'!$D:$D,1,0)
A181: =ROW()-2 | B181: SK3664 | C181: ARUNKUMAR KANMANI | D181: PRODUCTION | E181: TYRE CURING | F181: 45803 | G181: =NOW()-F181 | H181: I | I181: I | O181: =SUM(J181:N181) | P181: =O181/IF(H181="L",20,IF(H181="U",30,IF(H181="O",40,IF(H181="I",20,"")))) | Q181: =IF(AND(H181="L", P181>=50%), "Pass", IF(AND(H181="U", P181>=60%), "Pass", IF(AND(H181="O", P181>=75%), "Pass", "Fail"))) | U181: =SUM(S181:T181) | V181: =U181/IF(H181="L",35,IF(H181="U",35,IF(H181="O",35,IF(H181="I",35,"")))) | W181: =IF(AND(H181="L", V181>=50%), "Pass", IF(AND(H181="U", V181>=60%), "Pass", IF(AND(H181="O", V181>=75%), "Pass", "Fail"))) | X181: =IF(AND(Q181="Pass", W181="Pass"), "Pass", "Fail") | Y181: =IF($X181="Pass",$H181, IF(H181="L","I", IF(H181="U","L", IF(H181="O","U", "I")))) | AA181: =VLOOKUP($B181,[1]Sheet1!$B:$B,1,0) | AB181: =VLOOKUP($B181,'[3]Left Employee Report'!$D:$D,1,0)
... A185: =ROW()-2 | B185: SR1483 | C185: T MADHESH | D185: PRODUCTION | E185: TYRE CURING | F185: 45810 | G185: =NOW()-F185 | H185: I | I185: I | O185: =SUM(J185:N185) | P185: =O185/IF(H185="L",20,IF(H185="U",30,IF(H185="O",40,IF(H185="I",20,"")))) | Q185: =IF(AND(H185="L", P185>=50%), "Pass", IF(AND(H185="U", P185>=60%), "Pass", IF(AND(H185="O", P185>=75%), "Pass", "Fail"))) | U185: =SUM(S185:T185) | V185: =U185/IF(H185="L",35,IF(H185="U",35,IF(H185="O",35,IF(H185="I",35,"")))) | W185: =IF(AND(H185="L", V185>=50%), "Pass", IF(AND(H185="U", V185>=60%), "Pass", IF(AND(H185="O", V185>=75%), "Pass", "Fail"))) | X185: =IF(AND(Q185="Pass", W185="Pass"), "Pass", "Fail") | Y185: =IF($X185="Pass",$H185, IF(H185="L","I", IF(H185="U","L", IF(H185="O","U", "I")))) | AA185: =VLOOKUP($B185,[1]Sheet1!$B:$B,1,0) | AB185: =VLOOKUP($B185,'[3]Left Employee Report'!$D:$D,1,0)
A186: =ROW()-2 | B186: SK3276 | C186: KARTHICK A | D186: PRODUCTION | E186: MIXING | F186: 44473 | G186: =NOW()-F186 | H186: O | O186: =SUM(J186:N186) | P186: =O186/IF(H186="L",20,IF(H186="U",30,IF(H186="O",40,IF(H186="I",20,"")))) | Q186: =IF(AND(H186="L", P186>=50%), "Pass", IF(AND(H186="U", P186>=60%), "Pass", IF(AND(H186="O", P186>=75%), "Pass", "Fail"))) | U186: =SUM(S186:T186) | V186: =U186/IF(H186="L",35,IF(H186="U",35,IF(H186="O",35,IF(H186="I",35,"")))) | W186: =IF(AND(H186="L", V186>=50%), "Pass", IF(AND(H186="U", V186>=60%), "Pass", IF(AND(H186="O", V186>=75%), "Pass", "Fail"))) | X186: =IF(AND(Q186="Pass", W186="Pass"), "Pass", "Fail") | Y186: =IF($X186="Pass",$H186, IF(H186="L","I", IF(H186="U","L", IF(H186="O","U", "I")))) | AA186: =VLOOKUP($B186,[1]Sheet1!$B:$B,1,0) | AB186: =VLOOKUP($B186,'[3]Left Employee Report'!$D:$D,1,0)
A187: =ROW()-2 | B187: 900541 | C187: GANESAN M | D187: PRODUCTION | E187: EXTRUDER | F187: 41365 | G187: =NOW()-F187 | H187: O | I187: O
A188: =ROW()-2 | B188: 905537 | C188: G BALASUBRAMANIAN | D188: PRODUCTION | E188: EXTRUDER | F188: 41681 | G188: =NOW()-F188 | H188: O
A189: =ROW()-2 | B189: 900191 | C189: SIVARAMAKRISHNAN K | D189: PRODUCTION | E189: TYRE CURING | F189: 40634 | G189: =NOW()-F189 | H189: O | I189: O
A190: =ROW()-2 | B190: 900534 | C190: SUBBIAH S | D190: PRODUCTION | E190: TYRE CURING | F190: 41365 | G190: =NOW()-F190 | H190: O | I190: U
A191: =ROW()-2 | B191: MG1537 | C191: E SURYA PRAKASH | D191: PRODUCTION | E191: LINER DRESSING | F191: 44954 | G191: =NOW()-F191 | H191: U
A192: =ROW()-2 | B192: 900581 | C192: MOHAN H K | D192: PRODUCTION | E192: TYRE BUILDING-P3 | F192: 41365 | G192: =NOW()-F192 | H192: O
A193: =ROW()-2 | B193: 900802 | C193: CHANDAN CHOUDHARY | D193: PRODUCTION | E193: TYRE BUILDING-P3 | F193: 40817 | G193: =NOW()-F193 | H193: O
B194: 900463 | C194: ESAKKIMUTHU G | D194: PRODUCTION | E194: RADIAL MARANGONI | F194: 41000 | G194: =NOW()-F194 | H194: O
B195: MG0366 | C195: SETHU RAMALINGAM T | D195: PRODUCTION | E195: RADIAL MARANGONI | F195: 41563 | G195: =NOW()-F195 | H195: O | I195: U | J195: long ab
B196: LN1151
B197: SR0737 | E197: KK0041
B198: AK0640
A199: =ROW()-2 | B199: UDS1642 | C199: KALI MUTHU RAJ B | D199: PRODUCTION | E199: TYRE BUILDING-P1 | F199: 46069 | G199: =NOW()-F199 | H199: L | I199: I | J199: LEFT | O199: =SUM(J199:N199) | P199: =O199/IF(H199="L",20,IF(H199="U",30,IF(H199="O",40,IF(H199="I",20,"")))) | Q199: =IF(AND(H199="L", P199>=50%), "Pass", IF(AND(H199="U", P199>=60%), "Pass", IF(AND(H199="O", P199>=75%), "Pass", "Fail"))) | U199: =SUM(S199:T199) | V199: =U199/IF(H199="L",35,IF(H199="U",35,IF(H199="O",35,IF(H199="I",35,"")))) | W199: =IF(AND(H199="L", V199>=50%), "Pass", IF(AND(H199="U", V199>=60%), "Pass", IF(AND(H199="O", V199>=75%), "Pass", "Fail"))) | X199: =IF(AND(Q199="Pass", W199="Pass"), "Pass", "Fail") | Y199: =IF($X199="Pass",$H199, IF(H199="L","I", IF(H199="U","L", IF(H199="O","U", "I"))))
A200: =ROW()-2 | B200: KK1156 | C200: MUPPIDATHI | D200: PRODUCTION | E200: TYRE BUILDING-P1 | F200: 44065 | G200: =NOW()-F200 | H200: O | I200: U | J200: LEFT | O200: =SUM(J200:N200) | P200: =O200/IF(H200="L",20,IF(H200="U",30,IF(H200="O",40,IF(H200="I",20,"")))) | Q200: =IF(AND(H200="L", P200>=50%), "Pass", IF(AND(H200="U", P200>=60%), "Pass", IF(AND(H200="O", P200>=75%), "Pass", "Fail"))) | U200: =SUM(S200:T200) | V200: =U200/IF(H200="L",35,IF(H200="U",35,IF(H200="O",35,IF(H200="I",35,"")))) | W200: =IF(AND(H200="L", V200>=50%), "Pass", IF(AND(H200="U", V200>=60%), "Pass", IF(AND(H200="O", V200>=75%), "Pass", "Fail"))) | X200: =IF(AND(Q200="Pass", W200="Pass"), "Pass", "Fail") | Y200: =IF($X200="Pass",$H200, IF(H200="L","I", IF(H200="U","L", IF(H200="O","U", "I"))))
A201: =ROW()-2 | B201: 900335 | C201: SIVA S | D201: PRODUCTION | E201: EXTRUDER | F201: 41000 | G201: =NOW()-F201 | H201: O | I201: U | J201: long ab | O201: =SUM(J201:N201) | P201: =O201/IF(H201="L",20,IF(H201="U",30,IF(H201="O",40,IF(H201="I",20,"")))) | Q201: =IF(AND(H201="L", P201>=50%), "Pass", IF(AND(H201="U", P201>=60%), "Pass", IF(AND(H201="O", P201>=75%), "Pass", "Fail"))) | S201: long ab | U201: =SUM(S201:T201) | V201: =U201/IF(H201="L",35,IF(H201="U",35,IF(H201="O",35,IF(H201="I",35,"")))) | W201: =IF(AND(H201="L", V201>=50%), "Pass", IF(AND(H201="U", V201>=60%), "Pass", IF(AND(H201="O", V201>=75%), "Pass", "Fail"))) | X201: =IF(AND(Q201="Pass", W201="Pass"), "Pass", "Fail") | Y201: =IF($X201="Pass",$H201, IF(H201="L","I", IF(H201="U","L", IF(H201="O","U", "I"))))
A202: =ROW()-2 | B202: SR1404 | C202: JEEVA KOMBURAJU NAIDU | D202: PRODUCTION | E202: TYRE BUILDING-P2 | F202: 45442 | G202: =NOW()-F202 | H202: L | I202: I | J202: long ab | O202: =SUM(J202:N202) | P202: =O202/IF(H202="L",20,IF(H202="U",30,IF(H202="O",40,IF(H202="I",20,"")))) | Q202: =IF(AND(H202="L", P202>=50%), "Pass", IF(AND(H202="U", P202>=60%), "Pass", IF(AND(H202="O", P202>=75%), "Pass", "Fail"))) | S202: long ab | U202: =SUM(S202:T202) | V202: =U202/IF(H202="L",35,IF(H202="U",35,IF(H202="O",35,IF(H202="I",35,"")))) | W202: =IF(AND(H202="L", V202>=50%), "Pass", IF(AND(H202="U", V202>=60%), "Pass", IF(AND(H202="O", V202>=75%), "Pass", "Fail"))) | X202: =IF(AND(Q202="Pass", W202="Pass"), "Pass", "Fail") | Y202: =IF($X202="Pass",$H202, IF(H202="L","I", IF(H202="U","L", IF(H202="O","U", "I"))))
A203: =ROW()-2 | B203: 900603 | C203: THANGA PANDI S | D203: PRODUCTION | E203: TYRE CURING | F203: 41365 | G203: =NOW()-F203 | H203: O | I203: O | J203: long ab | O203: =SUM(J203:N203) | P203: =O203/IF(H203="L",20,IF(H203="U",30,IF(H203="O",40,IF(H203="I",20,"")))) | Q203: =IF(AND(H203="L", P203>=50%), "Pass", IF(AND(H203="U", P203>=60%), "Pass", IF(AND(H203="O", P203>=75%), "Pass", "Fail"))) | U203: =SUM(S203:T203) | V203: =U203/IF(H203="L",35,IF(H203="U",35,IF(H203="O",35,IF(H203="I",35,"")))) | W203: =IF(AND(H203="L", V203>=50%), "Pass", IF(AND(H203="U", V203>=60%), "Pass", IF(AND(H203="O", V203>=75%), "Pass", "Fail"))) | X203: =IF(AND(Q203="Pass", W203="Pass"), "Pass", "Fail") | Y203: =IF($X203="Pass",$H203, IF(H203="L","I", IF(H203="U","L", IF(H203="O","U", "I"))))
A204: =ROW()-2 | B204: 900557 | C204: ARUMUGAM M | D204: PRODUCTION | E204: BIAS MARANGONI&BESTRY | F204: 41365 | G204: =NOW()-F204 | H204: O | I204: O | J204: long ab | O204: =SUM(J204:N204) | P204: =O204/IF(H204="L",20,IF(H204="U",30,IF(H204="O",40,IF(H204="I",20,"")))) | Q204: =IF(AND(H204="L", P204>=50%), "Pass", IF(AND(H204="U", P204>=60%), "Pass", IF(AND(H204="O", P204>=75%), "Pass", "Fail"))) | U204: =SUM(S204:T204) | V204: =U204/IF(H204="L",35,IF(H204="U",35,IF(H204="O",35,IF(H204="I",35,"")))) | W204: =IF(AND(H204="L", V204>=50%), "Pass", IF(AND(H204="U", V204>=60%), "Pass", IF(AND(H204="O", V204>=75%), "Pass", "Fail"))) | X204: =IF(AND(Q204="Pass", W204="Pass"), "Pass", "Fail") | Y204: =IF($X204="Pass",$H204, IF(H204="L","I", IF(H204="U","L", IF(H204="O","U", "I"))))
A205: =ROW()-2 | B205: 900382 | C205: MUTHU KUMAR G | D205: PRODUCTION | E205: TYRE BUILDING-P1 | F205: 41000 | G205: =NOW()-F205 | H205: O | I205: U | J205: long ab | O205: =SUM(J205:N205) | P205: =O205/IF(H205="L",20,IF(H205="U",30,IF(H205="O",40,IF(H205="I",20,"")))) | Q205: =IF(AND(H205="L", P205>=50%), "Pass", IF(AND(H205="U", P205>=60%), "Pass", IF(AND(H205="O", P205>=75%), "Pass", "Fail"))) | U205: =SUM(S205:T205) | V205: =U205/IF(H205="L",35,IF(H205="U",35,IF(H205="O",35,IF(H205="I",35,"")))) | W205: =IF(AND(H205="L", V205>=50%), "Pass", IF(AND(H205="U", V205>=60%), "Pass", IF(AND(H205="O", V205>=75%), "Pass", "Fail"))) | X205: =IF(AND(Q205="Pass", W205="Pass"), "Pass", "Fail") | Y205: =IF($X205="Pass",$H205, IF(H205="L","I", IF(H205="U","L", IF(H205="O","U", "I"))))
B207: KK1369 | C207: MARISELVAM M | E207: TYRE BUILDING-P2 | F207: 44644 | H207: U
B208: SK3616 | C208: SUKHDEV ORAON | E208: TYRE BUILDING-P2 | F208: 45692 | H208: L
B209: SR1467 | C209: SURESHKUMAR | E209: TYRE BUILDING-P2 | F209: 45789 | H209: L
B210: KK1178 | C210: SURESH | D210: PRODUCTION | E210: SOLID TYRE | F210: 44156 | G210: =NOW()-F210 | H210: O
B211: PK1623 | C211: KARTHICK E | D211: PRODUCTION | E211: SOLID TYRE | F211: 45824 | G211: =NOW()-F211 | H211: L
B212: SK3675 | C212: KALIPANDI | D212: PRODUCTION | E212: SOLID TYRE | F212: 45810 | G212: =NOW()-F212 | H212: L
B215: SR0806 | C215: NAMBI | E215: TYRE BUILDING-P1 | F215: 43074 | H215: O
A216: 1180 | B216: UDS1618 | C216: KAMESHWARAN A | E216: TYRE BUILDING-P3 | F216: 46059 | H216: L | I216: long ab
B217: LN1073 | C217: VELMURUGAN | E217: TYRE BUILDING-P3 | F217: 45985 | H217: L | K217: 4 | L217: 4 | M217: 4 | N217: 5
B218: LN1183 | C218: BALAKRISHNAN M | E218: TYRE BUILDING-P3 | F218: 46055 | H218: L | K218: 5 | L218: 5 | M218: 4 | N218: 3
A219: =ROW()-2 | B219: SK3718 | C219: SOMA ORAON | D219: PRODUCTION | E219: TYRE BUILDING-P3 | F219: 46034 | G219: =NOW()-F219 | H219: L | I219: I | J219: 1 | K219: 5 | L219: 4 | M219: 1 | O219: =SUM(J219:N219) | P219: =O219/IF(H219="L",20,IF(H219="U",30,IF(H219="O",40,IF(H219="I",20,"")))) | Q219: =IF(AND(H219="L", P219>=50%), "Pass", IF(AND(H219="U", P219>=60%), "Pass", IF(AND(H219="O", P219>=75%), "Pass", "Fail"))) | S219: left | U219: =SUM(S219:T219) | V219: =U219/IF(H219="L",35,IF(H219="U",35,IF(H219="O",35,IF(H219="I",35,"")))) | W219: =IF(AND(H219="L", V219>=50%), "Pass", IF(AND(H219="U", V219>=60%), "Pass", IF(AND(H219="O", V219>=75%), "Pass", "Fail"))) | X219: =IF(AND(Q219="Pass", W219="Pass"), "Pass", "Fail") | Y219: =IF($X219="Pass",$H219, IF(H219="L","I", IF(H219="U","L", IF(H219="O","U", "I"))))

Sheet Entry sheet
F1: QUESTIONAAIRES | K1: GEMBA
A2: S.No | B2: EMP NO | C2: NAME | D2: SECTION | E2: Skill test | F2: Safety | G2: Process | H2: Quality | I2: CI & TPM | J2: System | K2: Safety/ 5S | L2: SOP's/ WI CHECK
A3: 1
A4: =A3+1
A5: =A4+1
A6: =A5+1
A7: =A6+1
A8: =A7+1
A9: =A8+1
A10: =A9+1
A11: =A10+1
A12: =A11+1
A13: =A12+1
A14: =A13+1
A15: =A14+1
... A35: =A34+1
F37: QUESTIONAAIRES | K37: GEMBA
A38: S.No | B38: EMP NO | C38: NAME | D38: SECTION | E38: Skill test | F38: Safety | G38: Process | H38: Quality | I38: CI & TPM | J38: System | K38: Safety/ 5S | L38: SOP's/ WI CHECK
A39: 1
A40: =A39+1
A41: =A40+1
A42: =A41+1
A43: =A42+1
A44: =A43+1
A45: =A44+1
A46: =A45+1
A47: =A46+1
A48: =A47+1
A49: =A48+1
A50: =A49+1
A51: =A50+1
... A71: =A70+1
